No.,Title,Author,Publication,Start_Year,End_Year,Publication_Type,Source,비고
1,"(三省版) 韓國現代文學全集. 3, 5, 9, 12, 14-15, 17, 19, 45, 47-48, 50-51, 53, 55, 57, 59-60",삼성출판사,삼성출판사,1982,,Anthology,"MK, MN",
2,"(三省版) 韓國現代文學全集. 3, 5, 9, 12, 14-15, 17, 19, 45, 47-48, 50, 51,53, 55, 57, 59-60 / 三省出版社 [編]",염상섭 외,삼성출판사,1982,,Anthology,"MK, MN",
3,라인X. 上,김성종,남도출판사,1987,,Book,"MK, DN",
4,덫 : 정건섭 본격추리소설,정건섭,공사,1988,,Book,"MK, DN",
5,불꽃살인 : 전애림 장편추리소설,전애림,청목서적,1988,,Book,"MK, DN",
6,화려한 도시 : 이상욱 추리소설 : 당신은 어떤 타입의 도시인인가?,이상욱,고려문학사,1989,,Book,"MK, DN",
7,5시간30분 : 장편추리소설,정건섭,심지,1990,,Book,"MK, DN",
8,바람난 아침 : 장편추리소설,정건섭,삼진기획,1991,,Book,"MK, DN",
9,악마의 미소 : 독고영 장편추리소설,독고영,열곡문화사,1991,,Book,"MK, DN",
10,(秘密) 93+γ : 추리소설,"김성종,이상우",명지사,1993,,Anthology,"MK, DN",
11,러브 미스테리,정태원,비전,1993,,Book,"MK, DN",
12,세 얼굴을 가진 사나이 : 김성종 추리소설. 하,김성종,해난터,1994,,Book,"MK, DN",
13,女子는 죽어야 한다. 下,김성종,남도출판사,1995,,Book,"MK, DN",
14,5時間 30分 : 제1회 한국추리문학상수상자 정건섭本格推理小說,정건섭,예술시대,1996,,Book,"MK, DN",
15,겨울 태풍,정건섭,고려원미디어,1996,,Book,"MK, MN",
16,원줄과 목줄 : 바다추리소설,조돈만,책과벗,1996,,Book,"MK, DN",
17,아내는 실종중 : 이상우 대표 추리소설. 하,이상우,삼성서적,1997,,Book,"MK, DN",
18,야간 탈옥,김상헌,고려원미디어,1997,,Book,"MK, MN",
19,불타는 대망의 도박,안홍열,정문각,2002,,Book,"MK, DN",
20,얼굴없는 재벌,안홍열,정문각,2002,,Book,"MK, DN",
21,한국추리문학 걸작선,한국추리작가협회,태동출판사,2002,,Anthology,"MK, DN",
22,레드 존 : 황유석 미스터리 스릴러. 1. 혼돈의 시작,황유석,두리미디어,2003,,Book,"MK, DN, MN",동일
23,"방각본 살인사건 : 김탁환 역사 추리 소설. 上, 下",김탁환,황금가지,2003,,Book,"MK, DN",
24,최후의 증인,김성종,동서문화사,2003,,Book,"MK, DN, MN",동일
25,(이인화 장편소설)하비로,이인화,해냄출판사,2004,,Book,"MK, DN",
26,(장편추리소설)징후,신외숙,한글,2004,,Book,"MK, DN",
27,2005 오늘의 추리소설 : 날 기억하지 말아요,추리문학연구회,산다슬,2004,,Anthology,"MK, DN",
28,여상속인 : 기업추리소설. 1-3,김나경,연합뉴스 동북아센터,2004,,Book,"MK, DN",
29,천년전쟁. 1 - 2,김종철,삶과꿈,2004,,Book,"MK, DN",
30,피아노살인 : 김성종 추리문학전집,김성종,남도출판사,2004,,Book,"MK, DN",
31,하비로 : 이인화 장편소설,이인화,해냄,2004,,Book,"MK, DN",
32,남극일기,임필성,랜덤하우스중앙,2005,,Book,"MK, DN",
33,남극일기,임필성,랜덤하우스중앙,2005,,Book,"MK, DN",
34,늪 : 서재우 미스터리 스릴러 장편소설. 1 - 2(완결),서재우,영상출판미디어(영상노트),2005,,Book,"MK, MN",
35,최후의 밀서,김성종,남도출판사,2005,,Book,"MK, DN",
36,2006 올해의 추리소설 : 사랑보다 아름다운 유혹,한국추리작가협회,산다슬,2006,,Anthology,"MK, DN",
37,나는 사랑을 죽였다 : 류성희 심리추리소설,류성희,산다슬,2006,,Book,"MK, DN, MN",동일
38,남편을 죽이는 서른가지 방법 : 서미애 추리소설,서미애,산다슬,2006,,Book,"MK, DN, MN",동일
39,남편을 지독히 사랑하는 여자 : 정석화 서스펜스소설,정석화,산다슬,2006,,Book,"MK, MN",
40,봄은 오지 않을 것이다. 1-3,김성종,남도출판사,2006,,Book,"MK, DN",
41,북쪽 휴양지 : 추리소설 네 번째 이야기,황성현,나노미디어,2006,,Book,"MK, DN",
42,이별의목적 : 김차애 추리소설,김차애,산다슬,2006,,Book,"MK, DN, MN",동일
43,주피터의 비밀,양희찬,중명출판사,2006,,Book,"MK, DN",
44,구기화 : 해밀 추리 무협 소설. 1-4(완결),해밀,청어람,2007,2008,Book,"MK, DN",
45,백일몽 : 고을주 장편 추리소설,고을주,연인M&B,2007,,Book,"MK, DN",
46,서울의 만가 : 김성종 장편소설. 1-2,김성종,남도출판사,2007,,Book,"MK, DN",
47,아름다운 밀회 : 김성중 장편추리소설. 1-2,김성종,남도출판사,2007,,Book,"MK, DN",
48,안개 속의 살인 : 2007' 올해의 추리소설,한국추리작가협회,화남,2007,,Anthology,"MK, DN",
49,"열녀문의 비밀 : 김탁환 장편소설. 상, 하",김탁환,민음사,2007,,Book,"MK, DN",
50,일곱 개의 장미송이 : 김성종 장편소설,김성종,남도출판사,2007,,Book,"MK, DN",
51,22일 : 최성근 장편소설,최성근,웅진씽크빅,2008,,Book,"MK, DN",
52,나는 고백한다 : 정도전 암살 미스터리,이재운,위즈덤하우스,2008,,Book,"MK, MN",
53,백색인간 : 김성종 추리소설. 1-2,김성종,남도출판사,2008,,Book,"MK, DN",
54,세계 악녀들의 유희,유인경,백양출판사,2008,,Book,"MK, DN",
55,제3의 사나이 : 김성종 장편추리소설. 1-2,김성종,남도출판사,2008,,Book,"MK, DN",
56,지구 남쪽에서 시작된 호기심 : 이상우 장편소설,이상우,화남출판사,2008,,Book,"MK, DN",
57,코미디는 끝났다 : 李銀 장편추리소설,이은,랜덤하우스코리아,2008,,Book,"MK, DN",
58,한국 추리 스릴러 단편선,최혁곤 외 9인,황금가지,2008,,Anthology,"MK, DN",
59,12인 12색 : 한국 젊은 작가 추리단편집,"신재형,박하익,곽재동,설성원,박현주,이지선,배상열,안정연,김재성,오창희,손선영,김주동",한스미디어,2009,,Anthology,"MK, DN",
60,경성탐정록,한동진,학산문화사,2009,,Book,"MK, DN",
61,너는 모른다 : 정이현 장편소설,정이현,문학동네,2009,,Book,"MK, DN",
62,뉴라이트 : 임정의 역사추리소설,임정,필맥,2009,,Book,"MK, DN",
63,두 명의 목격자,최혁곤 외 9인,황금가지,2009,,Anthology,"MK, DN",
64,붉은 벽돌 무당집 : 양국일 양국명 공포소설. 1. 공포의 방문객,"양국일,양국명",청어,2009,,Book,"MK, DN",
65,사건의 구조 : 김승업의 장편추리소설,김승업,좋은땅,2009,,Book,"MK, DN",
66,사라진 뱃사공,조정래,청암,2009,,Book,"MK, DN",
67,서울의 황혼 : 김성종 장편추리소설,김성종,바른책,2009,,Book,"MK, DN",
68,수상한 미술관 : 李垠 장편소설,이은,웅진씽크빅,2009,,Book,"MK, DN",
69,인형의 정원 : 서미애 장편소설,서미애,웅진씽크빅,2009,,Book,"MK, DN",
70,제5열 : 김성종 장편추리소설. 1-3,김성종,남도출판사,2009,,Book,"MK, DN",
71,진주탑 : 김내성 탐정 번안 소설,김내성,현대문학,2009,,Book,"MK, DN",
72,진주탑 : 김내성 탐정 번안 소설,김내성,현대문학,2009,,Book,"MK, DN",
73,초콜릿을 좋아하는 여자 : 김승업의 장편추리소설,김승업,좋은땅,2009,,Book,"MK, DN",
74,틈 : 김승업의 장편추리소설,김승업,좋은땅,2009,,Book,"MK, DN",
75,3일 : 사도세자 암살 미스터리 : 이주호 장편소설. 1-2,이주호,위즈덤하우스,2010,,Book,"MK, MN",
76,김유신의 머리일까?,차무진,끌레마,2010,,Book,"MK, DN",
77,대한민국 7대 미스터리 : 김진명 작가노트,김진명,새움,2010,,Book,"MK, MN",
78,라트라비아타의 초상,도진기,들녘,2010,,Book,"MK, DN",
79,마녀들의 입회식 : 백은하 장편 추리소설,백은하,에세이퍼블리싱,2010,,Book,"MK, DN",
80,미로의 저쪽 : 김성종 장편추리소설. 1-2,김성종,남도출판사,2010,,Book,"MK, DN",
81,바이퍼케이션 : 하이드라 : 이우혁 장편소설. 1-3,이우혁,해냄출판사,2010,,Book,"MK, DN",
82,비련의 화인 : 김성종 장편추리소설,김성종,바른책,2010,,Book,"MK, DN",
83,살인자의 편지 : 유현산 장편소설,유현산,자음과모음,2010,,Book,"MK, DN",
84,악마는 꿈꾸지 않는다 : 2010 올해의 추리 소설,한국추리작가협회,화남,2010,,Anthology,"MK, DN",
85,어둠의 변호사 : 붉은집 살인사건,도진기,들녘,2010,,Book,"MK, DN",
86,"잘 자요, 엄마 : 서미애 장편소설",서미애,웅진씽크빅,2010,,Book,"MK, DN",
87,한국 추리 스릴러 단편선. 3,박하익 외,황금가지,2010,,Anthology,"MK, DN",
88,(2011) 신춘문예 : 당선소설집,한국소설가협회,한국소설가협회,2011,,Anthology,"MK, MN",
89,(Code) Z의 비밀 : 김성종 장편추리소설,김성종,바른책,2011,,Book,"MK, DN",
90,고분군의 수호자 : 조정래 장편소설,조정래,청암,2011,,Book,"MK, DN",
91,"나비, 살랑거리다 : 홍양순 소설집",홍양순,실천문학,2011,,Book,"MK, MN",
92,목련이 피었다 : 2011 올해의 추리소설,"강형원,김재성,김주동,서미애,설인효,손선영,이상우,최종철,현구,황미영,황세연",청어람,2011,,Anthology,"MK, DN",
93,미래여인 : 이정섭 장편소설,이정섭,페이퍼북,2011,,Book,"MK, DN",
94,박회장의 그림창고 : 李垠 장편소설,이은,고즈넉이엔티,2011,,Book,"MK, DN",
95,밤 무지개 : 이상우 장편 추리 소설,이상우,로하스,2011,,Book,"MK, DN",
96,악녀 두 번 살다 : 이상우 장편 추리 소설,이상우,로하스,2011,,Book,"MK, DN",
97,안개 속에 지다 : 김성종 장편추리소설. 1-2,김성종,남도출판사,2011,,Book,"MK, DN",
98,정신자살,도진기,들녘,2011,,Book,"MK, DN",
99,정의는 가혹하다 : 김영복 장편소설,김영복,에세이퍼블리싱,2011,,Book,"MK, DN",
100,피의 굴레 : 경성탐정록 두 번째 이야기,한동진,학산문화사,2011,,Book,"MK, DN",
101,합작 : 살인을 위한 살인,손선영,손안의책,2011,,Book,"MK, DN",
102,흔한 일들 : 신재형 장편소설,신재형,한스미디어,2011,,Book,"MK, DN",
103,(경성 탐정) 이상,김재희,시공사,2012,,Book,"MK, DN",
104,검사는 무엇으로 사는가 : 2012 올해의 추리소설,"강형원,권경희,김경로,김주동,김재성,설인효,손선영,송시우,이상우,이수광,정가일,정혁,조동신,최종철,홍성호,황세연 ;엮은이: 한국추리작가협회",청어람,2012,,Anthology,"MK, DN",
105,게임의 왕 : 한상운 장편소설,한상운,문학동네,2012,,Book,"MK, MN",
106,나를 아는 남자 : 도진기 장편소설,도진기,시공사,2012,,Book,"MK, DN",
107,눈빛 : 김제철 장편소설 : 한·중·일·러시아의 이토 히로부미 저격을 둘러싼 미스터리,김제철,푸른사상사,2012,,Book,"MK, MN",
108,대한독립기 : MysterLee 대체역사 장편소설. 1-7(완결),MysterLee,어울림,2012,,Book,"MK, MN",
109,미친 나이팅게일 : 순수한 어린아이의 슬프고 고통스러운 서사시 : 난아 중편 공포추리소설,난아,퍼플,2012,,Book,"MK, DN",
110,사건번호 113 : 류성희 장편소설,류성희,황금가지,2012,,Book,"MK, DN",
111,소년들의 밤 : 한상운 장편소설,한상운,문학동네,2012,,Book,"MK, MN",
112,순서의 문제,도진기,시공사,2012,,Book,"MK, DN",
113,죽어야 사는 남자 : 손선영 장편소설,손선영,청어람,2012,,Book,"MK, DN",
114,죽음을 부르는 소녀 : 김성종 장편추리소설,김성종,바른책,2012,,Book,"MK, DN",
115,한국 추리 스릴러 단편선. 4,정명섭 외,민음인,2012,,Anthology,"MK, DN",
116,한국추리소설 걸작선. 01-02,김내성 외 43인 ;한국추리작가협회,한스미디어,2012,,Anthology,"MK, DN",
117,홈즈가 보낸 편지 : 윤해환 장편소설,윤해환,웅진씽크빅,2012,,Book,"MK, DN",
118,2억 불 파워볼 속에 숨은 미스터리의 진실,한우형,지식과감성#,2013,,Book,"MK, MN",
119,무임승차 : 수오 장편소설,수오,푸른봄,2013,,Book,"MK, DN",
120,"서불과차도 : 사마천의『사기』에 실린 역사의 미스터리, 남해 금산에 남아있는 서불과차도",김익재,북포스,2013,,Book,"MK, MN",
121,선량한 시민 : 김서진 장편소설,김서진,나무옆의자,2013,,Book,"MK, DN",
122,선암여고 탐정단 : 방과 후의 미스터리,박하익,황금가지,2013,,Book,"MK, MN",
123,신들의 세계 / 3월 : 호러미스터리 장편소설. 상,주연,북팔,2013,,Book,"MK, MN",
124,얼음 폭풍 : 황희 미스터리 단편 수상집,황희,손안의책,2013,,Book,"MK, MN",
125,연꽃 위의 처녀 : 조정래 장편소설,조정래,청암,2013,,Book,"MK, DN",
126,인간병기 흙피리 : 정건섭 추리소설,정건섭,연인M&B,2013,,Book,"MK, DN",
127,좀비 그리고 생존자들의 섬,백상준,민음인,2013,,Book,"MK, DN",
128,지상 최대 바이러스,이영호,푸른물고기,2013,,Book,"MK, DN",
129,지옥문을 여는 방법 : 2013 올해의 추리소설,"권경희,김경수,김범석,김재성,김주동,성성명,양수련,이상우,한수경,홍성호,최종철,조동신 ;엮은이: 한국추리작가협회",청어람,2013,,Anthology,"MK, DN",
130,탐정의 길 : 운명의 시작,이창헌,퍼플,2013,,Book,"MK, DN",
131,트위터 탐정 설록수,윤해환,씨엘북스,2013,,Book,"MK, DN",
132,피아노 살인 : 김성종 장편추리소설,김성종,남도출판사,2013,,Book,"MK, DN",
133,학교에 흑장미가 피다,난아,퍼플,2013,,Book,"MK, DN",
134,B파일 : 최혁곤 장편소설,최혁곤,황금가지,2013,,Book,"MK, DN",
135,(초판본) 마인 : 큰글씨책,김내성,지식을만드는지식,2014,,Book,"MK, DN",
136,나에게 잡히지 말아라 : 완전범죄 추리소설,이승욱,BG북갤러리,2014,,Book,"MK, DN",
137,내시귀,조동신,황금책방,2014,,Book,"MK, DN",
138,몽유도원도 : 미스터리 역사소설,이영호,밥북,2014,,Book,"MK, MN",
139,불타는 여인 : 김성종장편추리소설. 1-2,김성종,남도출판사,2014,,Book,"MK, DN",
140,비취록 : 조선 최고의 예언서를 둘러싼 미스터리 : 조완선 장편소설,조완선,북폴리오,2014,,Book,"MK, MN",
141,"섬, 짓하다 : 김재희 장편소설",김재희,시공사,2014,,Book,"MK, DN",
142,세계 제일의 안티 미스터리,모베,영상출판미디어(영상노트),2014,,Book,"MK, MN",
143,세종 인육 비사 : 肝膽[간담] : 조동인 미스터리 역사 장편소설,조동인,미래지향,2014,,Book,"MK, MN",
144,유다의 별 : 도진기 장편소설,도진기,황금가지,2014,,Book,"MK, DN",
145,잃어버린 밤 : 2014년 한국추리작가협회 13인의 공포 이야기,"김범석,김재성,김재희,김주동,반대인,성성명,양수련,이상우,이수광,장량,조나단,조동신 ;엮은이: 한국추리작가협회",청어람,2014,,Anthology,"MK, DN",
146,저승에서 온 미녀,김범영,북랩,2014,,Book,"MK, DN",
147,헨리 : 탐정소설,윤혜연,부크크,2014,,Book,"MK, DN",
148,"1973년 여름, 베를린의 안개","김범석,공민철,곽재동,김성종,반대인,양수련,이상우,이승영,이윤돌,장우석,조동신,최종철,황미영 ;엮은이: 한국추리작가협회",청어람,2015,,Anthology,"MK, DN",
149,경성 좀비 탐정록 : 김재성 장편소설,김재성,홈즈,2015,,Book,"MK, DN",
150,금화도감 : 조선119 : 조동신 장편소설,조동신,황금책방,2015,,Book,"MK, DN",
151,눈사자와 여름 : 하지은 장편소설,하지은,파란미디어,2015,,Book,"MK, DN",
152,목격자들 : 조운선 침몰 사건. 1-2,김탁환,민음사,2015,,Book,"MK, DN",
153,백안소녀(白顔少女) 살인사건 : 조선탐정 박명준 : 허수정 장편소설,허수정,신아출판사,2015,,Book,"MK, DN",
154,부랑의 강 : 김성종 장편추리소설,김성종,남도출판사,2015,,Book,"MK, DN",
155,뼈,정미진,앳눈북스,2015,,Book,"MK, DN",
156,싸이코 : 장편 추리소설,김현수,지식과감성#,2015,,Book,"MK, DN",
157,아린의 시선 : 서미애 장편소설,서미애,한스미디어,2015,,Book,"MK, DN",
158,"적, 너는 나의 용기 : 우태현 장편소설",우태현,새움,2015,,Book,"MK, DN",
159,"총군 : 왕, 총을 쏘다 : 제성욱 역사추리소설",제성욱,고즈넉이엔티,2015,,Book,"MK, DN",
160,최후의 증인 : 김성종 추리소설,김성종,새움,2015,,Book,"MK, DN",
161,칼에 베인 龍 : 정도전 암살 미스터리 : 이재운 장편소설,이재운,책이있는마을,2015,,Book,"MK, MN",
162,탐정이 아닌 두 남자의 밤,최혁곤,시공사,2015,,Book,"MK, DN",
163,토정 이지함과 비사문천 살인사건 : 허수정 장편소설,허수정,신아출판사,2015,,Book,"MK, DN",
164,퍼즐 : 장편 추리소설,박순옥,향지,2015,,Book,"MK, DN",
165,핑크 스카프 : 최종철 에로틱 미스테리 작품집,최종철,가나북스,2015,,Book,"MK, DN",
166,한국 추리 스릴러 단편선. 5,"도진기,이경민,송시우,정해연,전건우,신원섭,박하익,김주동,조동신,장유남",황금가지,2015,,Anthology,"MK, DN",
167,"해운대, 그 태양과 모래 : 김성종 연작소설",김성종,새움,2015,,Book,"MK, DN",
168,(경성 탐정) 이상. 2-5,김재희,시공사,2016,2020,Book,"MK, DN",
169,31월 12일 미스터리 : 마룬K 역사판타지 장편소설,마룬K,어울림,2016,2017,Book,"MK, MN",
170,검은 바다의 소용돌이 : 조정래 장편소설,조정래,청암,2016,,Book,"MK, DN",
171,김정일은 너무 한다 : 유서의 비밀 : 분석추리소설,고요경,부크크,2016,,Book,"MK, DN",
172,마릴린 먼로의 입술 : 2016 올해의 추리소설,"김경수,김범석,김재희,김주동,문정순,양수련,윤자영,이상우,장우석,정가일,조동신,최종철 ;엮은이: 한국추리작가협회",황금펜클럽,2016,,Anthology,"MK, DN",
173,물이 바다를 덮음같이,이종화,홍성사,2016,,Book,"MK, DN",
174,"미스터리는 풀렸다! : 기막힌 반전에서 절묘한 트릭까지, 깨알같고 비밀스런 추리소설 산책",박광규,눌민,2016,,Book,"MK, DN, MN",동일
175,붉은 집 살인사건 : 도진기 장편소설,도진기,황금가지,2016,,Book,"MK, DN",
176,살의 : 윤호 장편추리소설,윤호,다토북스,2016,,Book,"MK, DN",
177,셜록 홈즈의 증명,"김재희,박현주,손선영,윤해환,홍성호",한스미디어,2016,,Anthology,"MK, DN",
178,시스터 : 이두온 미스터리 스릴러,이두온,고즈넉이엔티,2016,,Book,"MK, MN",
179,악마는 법정에 서지 않는다 : 도진기 장편소설,도진기,황금가지,2016,,Book,"MK, DN",
180,요시와라 유녀와 비밀의 히데요시 : 조선탐정 박명준 : 허수정 장편소설,허수정,신아출판사,2016,,Book,"MK, DN",
181,운종가의 색목인들,"표창원,손선영",엔트리,2016,,Book,"MK, DN",
182,치정 : 현은미 미스터리 스릴러,현은미,고즈넉이엔티,2016,,Book,"MK, MN",
183,침묵의 그림자 : 이승욱 추리소설,이승욱,BG북갤러리,2016,,Book,"MK, DN",
184,D클럽과 여왕의 여름 : 박에스더 미스터리 스릴러,박에스더,고즈넉이엔티,2016,,Book,"MK, MN",
185,그림자의 울타리 : 미스터리 단편 소설집,심여진,부크크,2017,,Book,"MK, MN",
186,나의 오컬트한 일상 : 박현주 연작 미스터리. 가을/겨울 편,박현주,엘릭시르,2017,,Book,"MK, DN, MN",동일
187,나의 오컬트한 일상 : 박현주 연작 미스터리. 봄/여름 편,박현주,엘릭시르,2017,,Book,"MK, DN, MN",동일
188,낙원남녀,나혁진,황금가지,2017,,Book,"MK, DN",
189,라 트라 비아타의 초상 : 도진기 장편소설,도진기,황금가지,2017,,Book,"MK, DN",
190,리벤지 바이 블러드,"오현리,박상민,홍성호,김재성,조동신,장우석,반대인,김주동,공민철,김재희,양수현,윤자영",황금펜클럽,2017,,Anthology,"MK, DN",
191,부유하는 혼 : 황희 장편소설,황희,해냄출판사,2017,,Book,"MK, DN",
192,비사문천 살인사건 : 토정 이지함 : 허수정 장편소설,허수정,신아출판사,2017,,Book,"MK, MN",
193,소실점 : 김희재 장편소설,김희재,CABINET(캐비넷),2017,,Book,"MK, DN",
194,수상한 에이스는 유니폼이 없다 : 본격 야구 미스터리 소설,"최혁곤,이용균",황금가지,2017,,Book,"MK, DN, MN",동일
195,신데렐라 포장마차 : 정가일 장편소설,정가일,들녘,2017,2022,Book,"MK, DN",
196,운석사냥꾼 : 김용태 미스터리 스릴러,김용태,고즈넉이엔티,2017,,Book,"MK, DN, MN",동일
197,정신 자살 : 도진기 장편소설,도진기,황금가지,2017,,Book,"MK, DN",
198,청계산장의 재판 : 박은우 미스터리 스릴러,박은우,고즈넉이엔티,2017,,Book,"MK, DN, MN",동일
199,카니발의 아침,서일록,초록인,2017,,Book,"MK, DN",
200,해피엔드는 없다 : 추리소설가인 교사와 재치 넘치는 학생들의 콜라보레이션,"사이언픽션,김지윤,남용준,서귀인,김상민,정민제,오승현,신유진,장아현",책과나무,2017,,Anthology,"MK, DN",
201,곤충 : 장민혜 미스터리 스릴러,장민혜,고즈넉이엔티,2018,,Book,"MK, MN",
202,나는 살고 싶다 : 김성종 장편추리소설,김성종,남도출판사,2018,,Book,"MK, DN",
203,넘버. 오삼일 : 변억환 추리소설,변억환,몽트,2018,,Book,"MK, DN",
204,녹색섬광 : 김은주 미스터리 소설,김은주,아르테누아르,2018,,Book,"MK, MN",
205,동생의 비밀 : 신혜선 미스터리 소설,신혜선,아르테누아르,2018,,Book,"MK, DN, MN",동일
206,무저갱 : 반시연 장편소설,반시연,인디페이퍼,2018,,Book,"MK, DN",
207,삐뚤어진 나라의 미스터리 : 아직 아무 일도 일어나지 않았다 -국가 편-,노원,포문,2018,,Book,"MK, MN",
208,산호새의 비밀 : 천재 변리사의 죽음 : 이태훈 장편소설,이태훈,몽실북스,2018,,Book,"MK, DN",
209,어른은 권력이다 : 2018 올해의 추리소설,"김범석,김재성,김재희,김주동,김주호,박상민,양수련,윤자영,장우석,정가일,조동신,한이 ;엮은이: 한국추리작가협회",청어람,2018,,Anthology,"MK, DN",
210,잘 자요 엄마 : 서미애 장편소설,서미애,엘릭시르,2018,,Book,"MK, DN",
211,창세의 하자 : 하두석 추리소설,하두석,북랩,2018,,Book,"MK, DN",
212,칠칠단의 비밀 : (소파) 방정환 탐정소설 : 평생 소장 소설,방정환,부크크,2018,,Book,"MK, DN",
213,탐정의 탄생 : 현대 근대 추리소설의 기원과 역사,박진영,소명출판,2018,,Book,"MK, DN",
214,표정없는 남자 : 김재희 소설,김재희,책과나무,2018,,Book,"MK, DN",
215,1907 : 장루이 미스터리 픽스토리. 제1-2권,장루이,달아실출판사,2019,,Book,"MK, MN",
216,교동회관 밀실 살인사건 : 윤자영 장편소설,윤자영,책과나무,2019,,Book,"MK, DN",
217,기생감 : 미스터리스릴러SF모음집,"송한별,허설,은상,네크,이일경,곽재식",온우주,2019,,Anthology,"MK, MN",
218,나는 연쇄살인자와 결혼했다 : 홍선주 장편소설,홍선주,부크크,2019,,Book,"MK, DN",
219,나당 탐정사무소 사건일지 : 윤자영 연작소설,윤자영,책과나무,2019,,Book,"MK, DN",
220,나침반 : 썩은 나무,해윰,부크크,2019,,Book,"MK, DN",
221,내가 죽였다 : 정해연 장편소설,정해연,연담L,2019,,Book,"MK, DN",
222,내가 죽인 남자가 돌아왔다,황세연,마카롱,2019,,Book,"MK, DN",
223,너와 나의 미스터리 : Jake's mystery theatre : 이재익 소설집. vol.1,이재익,가쎄,2019,,Book,"MK, MN",
224,대나무가 우는 섬 : 송시우 장편소설,송시우,시공사,2019,,Book,"MK, DN",
225,마지막 여행 : 이종열 장편추리소설집,이종열,좋은땅,2019,,Book,"MK, DN",
226,맹탐정 고민 상담소 : 이선주 장편소설,이선주,문학동네,2019,,Book,"MK, DN",
227,반전이 없다,조영주,연담L,2019,,Book,"MK, DN",
228,붉은 열대어 : 김나영 미스터리 스릴러,김나영,고즈넉이엔티,2019,,Book,"MK, MN",
229,빨간 모자 : 김지연 미스터리 스릴러,김지연,고즈넉이엔티,2019,,Book,"MK, MN",
230,서칭 포 허니맨 : 양봉남을 찾아서 : 박현주 로맨스 미스터리,박현주,위즈덤하우스,2019,,Book,"MK, MN",
231,시체 옆에 피는 꽃 : 공민철 소설집,공민철,책과나무,2019,,Book,"MK, DN",
232,싱글몰트 사나이 : 유광수 추리소설,유광수,휴먼앤북스,2019,,Book,"MK, DN, MN",동일
233,악의의 질량 : 홍성호 장편소설,홍성호,책과나무,2019,,Book,"MK, DN",
234,어위크,"강지영,김성희,노희준,소현수,신원섭,전건우,정명섭,정해연",CABINET(캐비넷),2019,,Anthology,"MK, DN",
235,연수원 살인사건 : 김경수 직장 미스터리,김경수,한스컨텐츠,2019,,Book,"MK, DN, MN",동일
236,죽이고 싶은 : 한수옥 장편소설,한수옥,책과나무,2019,,Book,"MK, DN",
237,청년은 탐정도 불안하다 : 김재희 장편소설,김재희,책과나무,2019,,Book,"MK, DN",
238,캐리어 : 김혜빈 미스터리 스릴러,김혜빈,고즈넉이엔티,2019,,Book,"MK, MN",
239,콜24 : 김유철 장편소설,김유철,네오픽션,2019,,Book,"MK, DN",
240,클린 코드 : 설혜원 미스터리 소설,설혜원,지금이책,2019,,Book,"MK, DN, MN",동일
241,탐정 전일도 사건집,한켠,황금가지,2019,,Book,"MK, DN",
242,현장검증 : 이종관 미스터리 스릴러,이종관,고즈넉이엔티,2019,,Book,"MK, DN",
243,현장검증 : 이종관 미스터리 스릴러,이종관,고즈넉이엔티,2019,,Book,"MK, MN",
244,형사 오병호 : 김성종 장편추리소설,김성종,남도출판사,2019,,Book,"MK, DN",
245,(한국추리문학상) 황금펜상 수상작품집 : 2007~2020 특별판,"황세연,김유철,박하익,송시우,조동신,홍성호,공민철,한이,정가일",나비클럽,2020,,Anthology,"MK, DN",
246,(MBC) 수사반장 : 방송 50주년 기념 작품,조동신,리한컴퍼니,2020,,Book,"MK, DN",
247,가려진 진실,구디,부크크,2020,,Book,"MK, DN",
248,각선당의 비극 : 오상근 장편소설,오상근,베스트하우스,2020,,Book,"MK, DN",
249,공개수배 : 현직 형사가 실제 사건을 바탕으로 재구성한 스릴러 : 김홍철 장편소설,김홍철,청어,2020,,Book,"MK, DN",
250,깨어나지 말 걸 그랬어 : 김하림 미스터리 스릴러,김하림,고즈넉이엔티,2020,,Book,"MK, MN",
251,나침반. 2. 꼭두각시 인형,해윰,부크크,2020,,Book,"MK, DN",
252,녹나무관의 비밀 : 조정래 장편소설,조정래,청암,2020,,Book,"MK, DN",
253,다른 남자 : 정은수 장편소설,정은수,엘릭시르,2020,,Book,"MK, DN",
254,무덤 속의 죽음 : 을지문덕탐정록 : 정명섭 장편소설,정명섭,들녘,2020,,Book,"MK, DN",
255,바리스타 탐정 마환 : 평생도의 비밀 : 양수련 장편소설,양수련,몽실북스,2020,,Book,"MK, DN",
256,비행엄마 : 이지은 미스터리 스릴러,이지은,고즈넉이엔티,2020,,Book,"MK, MN",
257,산매리 저수지 : 아무도 몰라야 했던 16년 전의 암수살인 : 김주앙 소설,김주앙,비티비북스,2020,,Book,"MK, DN",
258,살인자의 쇼핑몰 : 강지영 장편소설,강지영,자음과모음,2020,,Book,"MK, DN",
259,삼각파도 속으로 : 황세연 해양미스터리 장편소설,황세연,들녘,2020,,Book,"MK, DN, MN",동일
260,세 개의 잔 : 도진기 장편소설,도진기,시공사,2020,,Book,"MK, DN",
261,순결한 탐정 김재건과 춤추는 꼭두각시 : 박하루 탐정소설,박하루,엘릭시르,2020,,Book,"MK, DN",
262,스프 미스터리 : GF anthology,"정명섭,김이환,장아미,남유하",그래비티북스,2020,,Anthology,"MK, MN",
263,심판 : symphony in C minor 'Justice' : 임재도 장편추리소설,임재도,지식과감성#,2020,,Book,"MK, DN",
264,언노운 피플 : 김나영 미스터리 스릴러,김나영,고즈넉이엔티,2020,,Book,"MK, MN",
265,염탐자가 찾는 소리 : 성혜정 미스터리 장편소설,성혜정,맑은샘,2020,,Book,"MK, MN",
266,영원의 밤 : 춤을 추다가 죽게 되리라 : 이소민 장편소설,이소민,엘릭시르,2020,,Book,"MK, DN",
267,온달장군 살인사건 : 을지문덕탐정록,정명섭,들녘,2020,,Book,"MK, DN",
268,이레 : 김달리 미스터리 스릴러,김달리,고즈넉이엔티,2020,,Book,"MK, MN",
269,적의 연작 살인사건 : 이동원 추리소설,이동원,휴먼앤북스,2020,,Book,"MK, DN, MN",동일
270,조선 명탐정 견음 : 천포 추리소설,천포,드림공작소,2020,,Book,"MK, DN",
271,주관식 문제 : 장우석 소설,장우석,책과나무,2020,,Book,"MK, DN",
272,찾고 싶다 : 노효두 미스터리 스릴러,노효두,고즈넉이엔티,2020,,Book,"MK, MN",
273,추락 : 한 사내가 72시간 동안 겪는 기묘한 함정 이야기 : 정명섭 장편소설,정명섭,북오션,2020,,Book,"MK, DN",
274,크로스드레서,강현옥,부크크,2020,,Book,"MK, DN",
275,파멸일기 : 윤자영 장편소설,윤자영,몽실북스,2020,,Book,"MK, DN",
276,프라다를 입는 변호사 : 야화 소설집,야화,가쎄,2020,,Book,"MK, MN",
277,피아노가 울리면 : 김동하 미스터리 스릴러,김동하,고즈넉이엔티,2020,,Book,"MK, MN",
278,행복배틀 : 주영하 미스터리 스릴러,주영하,고즈넉이엔티,2020,,Book,"MK, MN",
279,혐오자살 : 조영주 장편소설,조영주,CABINET(캐비넷),2020,,Book,"MK, DN",
280,History of nowhere,Yogi Huh,부크크,2020,,Book,"MK, DN",
281,"(살인자를 기다리는 공간,) 기억 서점 : 정명섭 장편소설",정명섭,시공사,2021,,Book,"MK, DN",
282,(태종 이방원의) 고백 : 정도전 암살 미스터리 : 이재운 장편소설,이재운,책이있는마을,2021,,Book,"MK, MN",
283,(한국추리문학상) 황금펜상 수상작품집 : 2007~2020 특별판 : 큰글자책,"황세연,김유철,박하익,송시우,조동신,홍성호,공민철,한이,정가일",나비클럽,2021,,Anthology,"MK, DN",
284,(한국추리문학상) 황금펜상 수상작품집 : 2021 제15회,"한이,홍정기,홍성호,한새마,황세연,류성희,장우석",나비클럽,2021,,Anthology,"MK, DN",
285,4인의 회귀자 : 도레미(신종 마약),봉원근,북팟,2021,,Book,"MK, DN",
286,가장 무서운 예언 사건 : 곽재식 장편소설,곽재식,요다,2021,,Book,"MK, DN",
287,검은 머리 짐승들 : 최가설 현대 sf·미스터리,최가설,스크로파,2021,,Book,"MK, MN",
288,경계인 : 김민현 장편소설,김민현,스윙테일,2021,,Book,"MK, DN",
289,경성 부녀자 고민상담소 : 경성 최초 &lt;고민상담소&gt; 여성 탐정 삼총사의 활약기,김재희,북오션,2021,,Book,"MK, DN",
290,경성 부녀자 고민상담소 : 경성 최초 &lt;고민상담소&gt; 여성 탐정 삼총사의 활약기 : 큰글자책,김재희,북오션,2021,,Book,"MK, DN",
291,공개수배 : 현직 형사가 실제 사건을 바탕으로 재구성한 스릴러 : 김홍철 장편소설. 2,김홍철,청어,2021,,Book,"MK, DN",
292,교통사고 전문 삼비 탐정 : 윤자영 연작추리소설,윤자영,북오션,2021,,Book,"MK, DN",
293,교통사고 전문 삼비 탐정 : 윤자영 연작추리소설 : 큰글자책,윤자영,북오션,2021,,Book,"MK, DN",
294,꼭 알아야 할 저승 가이드 : 오묘한 미스터리 체험소설 : 전생에 저승사자였던 저자의 환상소설,최설도,도리도리,2021,,Book,"MK, MN",
295,나비 : 기억을 지우는 자 : 김다인 장편소설,김다인,스윙테일,2021,,Book,"MK, MN",
296,내가 죽인 남자가 돌아왔다 : 큰글자도서,황세연,마카롱,2021,,Book,"MK, DN",
297,네 번의 노크 : 케이시 장편소설,케이시,인플루엔셜,2021,,Book,"MK, DN",
298,놈의 기억 : 윤이나 장편소설,윤이나,팩토리나인,2021,,Book,"MK, DN",
299,다감 선생님은 아이들이 싫다 : 가슴이 따뜻해지고 울컥해지는 힐링 미스터리,공민철,아프로스미디어,2021,,Book,"MK, MN",
300,단 하나의 이름도 잊히지 않게 : 여성 미스터리 소설집,"서미애,송시우,정해연",에오스,2021,,Anthology,"MK, MN",
301,단 한 명의 조문객 : 특별감식관_DNA 초상 기록 No.2035-01 : 이성탄 과학추리소설,이성탄,그래비티북스,2021,,Book,"MK, DN",
302,단풍나무 저택의 유산,홍기연,황금가지,2021,,Book,"MK, DN",
303,"러브 앤 크라프트, 풍요실버타운의 사랑 : 김재희 소설집",김재희,책과나무,2021,,Book,"MK, DN",
304,레시피 : 최정원 미스터리 스릴러 소설집,최정원,아프로스미디어,2021,,Book,"MK, MN",
305,로하의 세상 : 김남겸 장편소설,김남겸,아프로스미디어,2021,,Book,"MK, DN",
306,마담 타로,이수아,책과나무,2021,,Book,"MK, DN",
307,맹탐정 고민 상담소 : 이선주 장편소설. 2-3,이선주,문학동네,2021,2023,Book,"MK, DN",
308,면식범 : 노효두 미스터리 스릴러,노효두,고즈넉이엔티,2021,,Book,"MK, MN",
309,모든 비밀에는 이름이 있다 : 서미애 장편소설,서미애,엘릭시르,2021,,Book,"MK, DN",
310,바이칼 호수 : 백조의 부활 : 김주앙 장편추리소설,김주앙,엠지엠그룹,2021,,Book,"MK, DN",
311,성균관 불량 유생뎐 : 지하 미궁의 시귀들 : 정명섭 추리소설,"정명섭,김민성",새파란상상,2021,,Book,"MK, DN",
312,수상한 유튜버 과학 탐정 : 과학 x 추리 live,윤자영,탐,2021,,Book,"MK, DN",
313,신 전래특급 : 너무나 낯익지만 잔혹한 이야기,박해로,북오션,2021,,Book,"MK, DN",
314,"심판의 날 : 화형, 죽어 마땅한 자들 : 이인규 미스터리 장편소설",이인규,전망,2021,,Book,"MK, MN",
315,아무도 돌보지 않은 : 변지안 미스터리 스릴러,변지안,고즈넉이엔티,2021,,Book,"MK, MN",
316,아인슈페너 : 미스터리 스릴러. 에피소드 1,Jb. Yun,보민출판사,2021,,Book,"MK, DN, MN",동일
317,아직도 살아계신가요? : 이승욱 추리소설,이승욱,BG북갤러리,2021,,Book,"MK, DN",
318,왕세자의 살인법 : 서아람 장편소설,서아람,스윙테일,2021,,Book,"MK, DN",
319,위층집 : 어둠을 찢고 울려오는 의문의 소리 : 미스터리 연작소설집,"박성신,윤자영,양수련,김재희",북오션,2021,,Anthology,"MK, DN, MN",동일
320,유령생활기록부 : 나혁진 장편소설,나혁진,몽실북스,2021,,Book,"MK, DN",
321,은퇴 형사 동철수의 영광,최혁곤,시공사,2021,,Book,"MK, DN",
322,저기 인간의 적이 있다 : #미스터리#감성#SF소설집,"천선란,강다연,유목연,이민섭",아작,2021,,Anthology,"MK, MN",
323,"절대적인 행복의 시간, 3분 : 조영주 장편소설",조영주,몽실북스,2021,,Book,"MK, DN",
324,주식왕 L군,썩빡꾸,부크크,2021,,Book,"MK, DN",
325,줌 인 : 고도원 미스터리 스릴러,고도원,고즈넉이엔티,2021,,Book,"MK, MN",
326,증발된 여자 : 김영주 미스터리 스릴러,김영주,고즈넉이엔티,2021,,Book,"MK, MN",
327,체르니 킬러 : 야화 소설집,야화,가쎄,2021,,Book,"MK, MN",
328,추락 : 한 사내가 72시간 동안 겪는 기묘한 함정 이야기 : 큰글자책 : 정명섭 장편소설,정명섭,북오션,2021,,Book,"MK, DN",
329,향수에 젖다 : 이수진 미스터리 스릴러,이수진,고즈넉이엔티,2021,,Book,"MK, MN",
330,Detective,박성신,퍼플,2021,,Book,"MK, DN",
331,(한국추리문학상) 황금펜상 수상작품집 : 2021 제15회 : 큰글자책,"한이,홍정기,홍성호,한새마,황세연,류성희,장우석",나비클럽,2022,,Anthology,"MK, DN",
332,(한국추리문학상) 황금펜상 수상작품집 : 2022·제16회,"김세화,한새마,박상민,김유철,홍정기,정혁용,박소해",나비클럽,2022,,Anthology,"MK, DN",
333,2035 SF 미스터리,"천선란,한이,김이환,황세연,도진기,전혜진,윤자영,한새마,듀나",나비클럽,2022,,Anthology,"MK, DN, MN",동일
334,2035 SF 미스터리 : 큰글자책,"천선란,한이,김이환,황세연,도진기,전혜진,윤자영,한새마,듀나",나비클럽,2022,,Anthology,"MK, DN, MN",동일
335,감귤마켓 셜록 : 박희종 장편소설,박희종,메이드인,2022,,Book,"MK, DN",
336,게이트 : 팬데믹 미스터리 : 심채윤 장편소설,심채윤,껴안음,2022,,Book,"MK, DN, MN",동일
337,고양이의 제단 : 김묘원 소설,김묘원,엘릭시르,2022,,Book,"MK, DN",
338,과학특성화중학교. 1-3,닥터베르,뜨인돌,2022,2023,Book,"MK, DN",
339,교도소 괴담 : 비밀스러운 교도소의 미스터리 괴담,박해로,북오션,2022,,Book,"MK, MN",
340,"그 겨울, 손탁 호텔에서 : 듀나 미스터리 소설집",듀나,퍼플레인,2022,,Book,"MK, DN, MN",동일
341,그렇게 할 수밖에 : 최도담 장편소설,최도담,네오픽션,2022,,Book,"MK, DN",
342,기다렸던 먹잇감이 제 발로 왔구나 : 고호 추리소설,고호,델피노,2022,,Book,"MK, DN",
343,꽃을 삼킨 여자 : 김재희 장편소설,김재희,몽실북스,2022,,Book,"MK, DN",
344,노량진 학원 살인사건 : 조금씩 맞물려가는 서로 다른 다섯 개 이야기,주요한,좋은땅,2022,,Book,"MK, DN",
345,누가 세바스찬을 쏘았는가 : 세븐 시크릿 게이트 : 노 원 추리소설,노원,푸른사상사,2022,,Book,"MK, DN",
346,레드 썬 : 처절한 복수,안명기,부크크,2022,,Book,"MK, DN",
347,리볼브 : 이종관 미스터리 스릴러,이종관,고즈넉이엔티,2022,,Book,"MK, DN, MN",동일
348,말괄량이 사이코패스 : 기윤슬 영어덜트 스릴러,기윤슬,고즈넉이엔티,2022,,Book,"MK, DN",
349,문밖에 누군가가,"김지현,오선영,장희원,황유미,송유나",네시오십분,2022,,Anthology,"MK, DN",
350,박제사의 사랑 : 이순원 장편소설,이순원,시공사,2022,,Book,"MK, DN",
351,복수 법률 사무소 : 도진기 장편소설. 1-3,도진기,황금가지,2022,,Book,"MK, DN",
352,북악산 미스터리,이정민,지식공감,2022,,Book,"MK, DN, MN",동일
353,붉은 기억 : 최정원 미스터리 스릴러,최정원,아프로스미디어,2022,,Book,"MK, MN",
354,사라진 사람들 : 보루 장편소설,보루,부크크 오리지널,2022,,Book,"MK, DN",
355,서점 탐정 유동인 : 김재희 장편소설. 2. 리턴즈,김재희,몽실북스,2022,,Book,"MK, DN",
356,소녀가 사라지던 밤 : <마녀사냥> season 3 : 박영광 장편소설,박영광,매드픽션,2022,,Book,"MK, DN",
357,소녀를 아는 사람들 : 장서영 장편소설,정서영,팩토리나인,2022,,Book,"MK, DN",
358,수퍼텅 : 혀 끝으로 범인 찾는 미스터리 SF,마이 페이버릿 아이러니,공명,2022,,Book,"MK, MN",
359,시간은 흐르지 않는다,김기석,부크크,2022,,Book,"MK, DN",
360,시스터 : 이두온 미스터리 스릴러,이두온,고즈넉이엔티,2022,,Book,"MK, DN, MN",동일
361,시체를 보는 사나이 : 1부 : 더 비기닝 : 공한K 미스터리 소설,공한K,팩토리나인,2022,,Book,"MK, DN, MN",동일
362,시체를 보는 사나이 : 2부 : 죽음의 설계자 : 공한K 미스터리 소설,공한K,팩토리나인,2022,,Book,"MK, DN, MN",동일
363,시체를 보는 사나이 : 3부 : 다크킹덤 : 공한K 미스터리 소설,공한K,팩토리나인,2022,,Book,"MK, DN, MN",동일
364,新 전래특급 : 너무나 낯익지만 잔혹한 이야기 : 큰글자책,박해로,북오션,2022,,Book,"MK, DN",
365,아주 사적인 기담 전람회 : 이현구 실화 소설,이현구,북오션,2022,,Book,"MK, DN",
366,애널리스트 : 거대 기업의 비리와 음모를 파헤치는 추리 스릴러 : 이재영 장편소설,이재영,림투자자문,2022,,Book,"MK, DN",
367,어릿광대 저택의 살인 사건,노원,포문 출판,2022,,Book,"MK, DN",
368,웰컴 투 로열타운 : 곽영임 미스터리 스릴러,곽영임,고즈넉이엔티,2022,,Book,"MK, DN, MN",동일
369,위험한 장난감 : 박상민 장편소설,박상민,몽실북스,2022,,Book,"MK, DN",
370,이슬람국가 한국침공 : 장순영 장편소설,장순영,부크크,2022,,Book,"MK, DN",
371,잠 못 드는 밤의 궁궐 기담 : 현찬양 소설,현찬양,엘릭시르,2022,,Book,"MK, MN",
372,재즈 느와르 인 도쿄 : 이종학 장편소설,이종학,파람북,2022,,Book,"MK, DN",
373,재즈 느와르 인 도쿄 : 큰글자책 : 이종학 장편소설,이종학,파람북,2022,,Book,"MK, DN",
374,전래 미스터리 : 홍정기 소설집,홍정기,몽실북스,2022,,Book,"MK, DN, MN",동일
375,차가운 숨결 : 박상민 장편소설,박상민,아프로스미디어,2022,,Book,"MK, DN",
376,천국에서 온 탐정 : 이동원 장편소설,이동원,스윙테일,2022,,Book,"MK, DN",
377,탐정 홍련 : 철산 사건 일지 : 장화홍련전의 숨겨진 이야기 : 이수아 장편소설,이수아,책과나무,2022,,Book,"MK, DN",
378,탐정도 보험이 되나요? : 탐정 전일도의 두 번째 사건집,한켠,황금가지,2022,,Book,"MK, DN",
379,팬데믹 바이러스의 유통과정 : 팬데믹과 수혜자들,이주영,부크크,2022,,Book,"MK, DN",
380,"학교가 끝나면, 미스터리 사건부",윤자영,블랙홀,2022,,Book,"MK, MN",
381,할마시 탐정 트리오,김재희,책과나무,2022,,Book,"MK, DN",
382,호러 미스터리 컬렉션 : 큰글자책 : 홍정기 소설,홍정기,북오션,2022,,Book,"MK, DN, MN",동일
383,호러 미스터리 컬렉션 : 홍정기 소설,홍정기,북오션,2022,,Book,"MK, DN, MN",동일
384,환 : 김시안 미스터리 스릴러,김시안,고즈넉이엔티,2022,,Book,"MK, DN, MN",동일
385,황금열광 : 1938 경성 미스터리 추리극 : 하은경 장편소설,하은경,비룡소,2022,,Book,"MK, MN",
386,(한국추리문학상) 황금펜상 수상작품집 : 2022·제16회 : 큰글자책,"김세화,한새마,박상민,김유철,홍정기,정혁용,박소해",나비클럽,2023,,Anthology,"MK, DN",
387,(한국추리문학상) 황금펜상 수상작품집 : 2023·제17회,"박소해,서미애,김영민,여실지,홍선주,홍정기,송시우",나비클럽,2023,,Anthology,"MK, DN",
388,감귤마켓 셜록 : 큰글자책 : 박희종 장편소설,박희종,메이드인,2023,,Book,"MK, DN",
389,감찰무녀전 : 김이삭 장편소설,김이삭,고즈넉이엔티,2023,,Book,"MK, DN",
390,곧 죽어도 힙합 : 정재환 단편 소설집,정재환,고즈넉이엔티,2023,,Book,"MK, DN",
391,곶자왈에서 : 크라임 단편 앤솔러지,"김태민,박한선,유아인,이나경,조나단,한소은,현이랑",황금가지,2023,,Anthology,"MK, DN",
392,"괴이, 학원 : 경쟁이라는 이름의 마성","배명은,김선민,은상,정명섭,김하늬",빚은책들,2023,,Anthology,"MK, DN",
393,괴현상처리반 : 猫項懸鈴 : 1부,수박칼,부크크,2023,,Book,"MK, DN",
394,교도소 괴담 : 비밀스러운 교도소의 미스터리 괴담 : 큰글자책,박해로,북오션,2023,,Book,"MK, MN",
395,규슈의 실종자들 : 편지로부터 시작된 실종사건,한고운,모모북스,2023,,Book,"MK, DN",
396,그들은 후회하지 않는다,김대현,모모북스,2023,,Book,"MK, DN",
397,그리고 아무도 없었다 : 황정은 추리 소설집,황정은,책과나무,2023,,Book,"MK, DN",
398,기다리는 로켓 : 천년야화,라스트 로보,하움출판사,2023,,Book,"MK, DN",
399,기묘한 단편소설집,허세진,북팟,2023,,Book,"MK, DN",
400,길 떠나는 하얀 겨울 나비,박순옥,진포,2023,,Book,"MK, DN",
401,나만이 기억하는 : 한 사람이 겪는 미스터리 이야기,채지현,부크크,2023,,Book,"MK, DN, MN",동일
402,"너를 보았지 : 25년 만의 진실, 30년 만의 atonement : 임지원 장편소설",임지원,북랩,2023,,Book,"MK, DN",
403,너와 나의 미스터리 : Jake's mystery theatre : 큰글자책 : 이재익 소설집. vol.1,이재익,가쎄,2023,,Book,"MK, MN",
404,노비스 탐정 길은목 : 김아직 장편소설,김아직,몽실북스,2023,,Book,"MK, DN",
405,노스텔지어,이지원,부크크,2023,,Book,"MK, DN",
406,눈사자와 여름 : 하지은 장편소설,하지은,황금가지,2023,,Book,"MK, DN",
407,다다상조 회사 : 청년 탐정들의 장례지도사 생활 속으로,김재희,책과나무,2023,,Book,"MK, DN",
408,다마논드호 : 정지혜 장편소설,정지혜,몽실북스,2023,,Book,"MK, DN",
409,당신도 아는 이야기 : 김강물 소설,김강물,안전가옥,2023,,Book,"MK, DN",
410,대리운전 : 이나래 소설,이나래,안전가옥,2023,,Book,"MK, DN",
411,대리인 : 제인도 장편소설,제인도,팩토리나인,2023,,Book,"MK, DN",
412,더 미스터리,철멍뭉,부커,2023,,Book,"MK, MN",
413,도쿄 한복판의 유력 용의자 : 고호 장편소설,고호,델피노,2023,,Book,"MK, DN",
414,드라이버에 40번 찔린 시체에 관하여 : 한국추리작가협회 창립 40주년 기념 앤솔러지,"황세연,김영민,한새마,김범석,여실지,유재이,조동신",네오픽션,2023,,Anthology,"MK, DN",
415,라스트 스탑 : 류명환 소설,류명환,안전가옥,2023,,Book,"MK, DN",
416,르네 마그리트의 '연인' : 유지나 장편소설,유지나,팩토리나인,2023,,Book,"MK, DN",
417,마지막 사도 : 장용민 장편소설. 1-2,장용민,재담미디어,2023,,Book,"MK, DN",
418,매구를 죽이려고 : 조선희 장편소설,조선희,네오픽션,2023,,Book,"MK, DN",
419,못 먹는 남자 : 정해연 장편소설,정해연,엘릭시르,2023,,Book,"MK, DN",
420,몽상가의 침묵 : 메디컬 미스터리 단편소설집,손영모,페스트북,2023,,Book,"MK, MN",
421,몽키스 구단 미해결 사건집,"최혁곤,이용균",황금가지,2023,,Book,"MK, DN",
422,"묵찌빠 : 바이러스 웨이브, 팬데믹을 불러온 거대한 욕망의 서막! : 김세화 장편소설",김세화,책과나무,2023,,Book,"MK, DN",
423,배니시드 : 김도윤 장편소설,김도윤,팩토리나인,2023,,Book,"MK, DN",
424,뱀파이어 셜록 : 정명섭 소설,정명섭,돌베개,2023,,Book,"MK, DN",
425,부서진 게으름 : 장편 추리 소설. 1권,강다희,퍼플,2023,,Book,"MK, DN",
426,불귀도 살인사건 : 전건우 장편소설,전건우,북다,2023,,Book,"MK, DN",
427,불특정 다수 : 염유창 장편소설,염유창,해피북스투유,2023,,Book,"MK, DN",
428,붉은 커튼 : 김주동 장편 소설,김주동,책과나무,2023,,Book,"MK, DN",
429,비로소 내가 되었다,백결,부크크,2023,,Book,"MK, DN",
430,사설탐정사의 밤 : 곽재식 추리 연작소설집,곽재식,문학과지성사,2023,,Book,"MK, DN",
431,살의의 형태,홍정기,서랍의날씨,2023,,Book,"MK, DN",
432,살인자 없는 살인,채고온,부크크,2023,,Book,"MK, DN",
433,살인자의 쇼핑몰 : 강지영 장편소설. 2-3,강지영,자음과모음,2023,2025,Book,"MK, DN",
434,새벽 2시의 코인 세탁소 : 박현주 연작 미스터리,박현주,엘릭시르,2023,,Book,"MK, MN",
435,"서울, 카타콤 : 이봄 장편소설",이봄,위즈덤하우스,2023,,Book,"MK, DN",
436,선녀를 위한 변론 : 송시우 소설집,송시우,래빗홀,2023,,Book,"MK, DN",
437,"설자은, 금성으로 돌아오다 : 정세랑 장편소설",정세랑,문학동네,2023,,Book,"MK, DN",
438,세노테 다이빙 : 노은지 장편소설,노은지,마시멜로,2023,,Book,"MK, DN",
439,습기 : 마태 장편소설,마태,해피북스투유,2023,,Book,"MK, DN",
440,시그널 : 프로이트 『꿈의 해석』이론을 바탕으로 한 심리 추리소설 : 조승훈 장편소설. 2. 무의식이 보내는 신호,조승훈,부크크,2023,,Book,"MK, DN",
441,시그니처 : 저주를 부르는 사인 : 큰글자책 : 정명섭 장편소설,정명섭,북오션,2023,,Book,"MK, DN",
442,심심포차 심심 사건 : 홍선주 장편소설,홍선주,네오픽션,2023,,Book,"MK, DN",
443,아주 사적인 기담 전람회 : 큰글자책 : 이현구 실화 소설,이현구,북오션,2023,,Book,"MK, DN",
444,여섯 번째 살인 : 한성규 장편 추리소설,한성규,맑은샘,2023,,Book,"MK, DN",
445,영생의 피 : 잠시도 긴장의 끈을 놓칠 수 없는 미스터리 스릴러,김교협,바른북스,2023,,Book,"MK, DN, MN",동일
446,영원히 사라지지 않을 공소시효,박순옥,진포,2023,,Book,"MK, DN",
447,영원히 알거나 무엇도 믿을 수 없게 된다 : 도시괴담 테마소설집,"강화길,김멜라,서장원,이원석,이현석,전예진,정지돈,조우리",은행나무,2023,,Anthology,"MK, DN",
448,옛날 철공소 : 황규섭 미스터리 소설,황규섭,서랍의날씨,2023,,Book,"MK, DN, MN",동일
449,"우리 집으로 와, 악마의 이론을 들려줄게... : 영상화 기획 중편 소설",최휘현,잇스토리,2023,,Book,"MK, DN",
450,우리가 다시 만날 수 있다면 : 큰글자책 : 김윤태 장편소설,김윤태,북오션,2023,,Book,"MK, DN",
451,원룸 : 스카이마린 장편소설,스카이마린,파란문어,2023,,Book,"MK, DN, MN",동일
452,잔혹범죄전담팀 라플레시아걸 : 한새마 장편소설,한새마,북오션,2023,,Book,"MK, DN",
453,죽은 남편이 돌아왔다 : 제인도 장편소설,제인도,팩토리나인,2023,,Book,"MK, DN",
454,체르니 킬러 : 큰글자책 : 야화 소설집,야화,가쎄,2023,,Book,"MK, MN",
455,초록 안의 세계 : 이서도 소설,이서도,안전가옥,2023,,Book,"MK, DN",
456,콩그래츄 그래듀에이션 : 정다이 소설,정다이,안전가옥,2023,,Book,"MK, DN",
457,크루즈피정 : 김루씨 장편 소설,김루씨,글마음,2023,,Book,"MK, DN",
458,테디베어는 죽지 않아 : 조예은 장편소설,조예은,안전가옥,2023,,Book,"MK, DN",
459,푸시아핑크 찾기 : 선주경 소설,선주경,문학공감,2023,,Book,"MK, DN",
460,프라다를 입는 변호사 : 큰글자책 : 야화 소설집,야화,가쎄,2023,,Book,"MK, DN, MN",동일
461,행복배틀 : 주영하 미스터리 스릴러,주영하,고즈넉이엔티,2023,,Book,"MK, DN, MN",동일
462,허실시 일상신비 사건집,"범유진,그린레보,김영민,박하루,정마리",들녘,2023,,Anthology,"MK, MN",
463,혐오스런 선데이 클럽 : 임성용 장편소설,엄성용,안전가옥,2023,,Book,"MK, DN",
464,Find me : 나를 잊지 말아요,박성용,좋은땅,2023,,Book,"MK, DN",
465,(한국추리문학상) 황금펜상 수상작품집 : 2023·제17회 : 큰글자책,"박소해,서미애,김영민,여실지,홍선주,홍정기,송시우",나비클럽,2024,,Anthology,"MK, DN",
466,(한국추리문학상) 황금펜상 수상작품집 : 2024·제18회,"무경,홍선주,장우석,박건우,정해연,김범석",나비클럽,2024,,Anthology,"MK, DN",
467,#기묘한살인사건,"엄성용,송한별,홍정기",다담북스,2024,,Anthology,"MK, DN",
468,"1026 : 한국 현대사의 가장 미스터리한 하루, 10월 26일 : 김진명 장편소설",김진명,새움,2024,,Book,"MK, MN",
469,6월의 폭풍 : 미스터리 한국전쟁 : 이용우 다큐멘터리 대하소설,이용우,지우출판,2024,,Book,"MK, MN",
470,7분 : 죽음의 시간 : 최들판 장편소설,최들판,엘릭시르,2024,,Book,"MK, DN",
471,교수대 위의 까마귀,"홍정기,김범석,김영민,조동신,한새마,박건우",서랍의 날씨,2024,,Anthology,"MK, DN, MN",동일
472,귀우 : 오컬트 미스터리 장편소설,이다모,아프로스미디어,2024,,Book,"MK, DN, MN",동일
473,그녀의 일기장 : 어느 여교수의 죽음 : 장편 추리 소설,박경희,퍼플,2024,,Book,"MK, DN",
474,그녀의 취미생활,서미애,엘릭시르,2024,,Book,"MK, DN",
475,금붕어 룰렛 : 오윤희 장편소설,오윤희,팩토리나인,2024,,Book,"MK, DN",
476,기생록 : 프리키 미스터리 스릴러 컬렉션,프리키,아프로스미디어,2024,,Book,"MK, DN, MN",동일
477,까마귀 장례식,서미애,엘릭시르,2024,,Book,"MK, DN",
478,나쁜 검사들 : 이중세 장편소설,이중세,마디북,2024,,Book,"MK, DN",
479,나쁜 검사들 : 큰글자도서 : 이중세 장편소설,이중세,마디북,2024,,Book,"MK, DN",
480,남편을 죽이는 서른 가지 방법,서미애,엘릭시르,2024,,Book,"MK, DN",
481,누굴 죽였을까 : 정해연 장편소설,정해연,북다,2024,,Book,"MK, DN",
482,다크 디텍티브 : 길무상 추리소설,길무상,북랩,2024,,Book,"MK, DN",
483,달콤한 살인 계획 : 김서진 장편소설,김서진,나무옆의자,2024,,Book,"MK, DN",
484,당신의 비밀 : 이종관 미스터리 스릴러,이종관,고즈넉이엔티,2024,,Book,"MK, MN",
485,"도망가자 밤으로, 밤으로","글: 라일라 & 마즈눈,임성용,이정임,채은",네시오십분,2024,,Anthology,"MK, DN",
486,돌림판 작가 허아른의 소설 분투기 : 주제는 랜덤 결과는 미스터리,허아른,고즈넉이엔티,2024,,Book,"MK, MN",
487,마피아 찾기 : 김하림 미스터리 스릴러,김하림,고즈넉이엔티,2024,,Book,"MK, DN",
488,마피아 찾기 : 김하림 미스터리 스릴러,김하림,고즈넉이엔티,2024,,Book,"MK, MN",
489,먼지가 되어 : 김아직 장편소설,김아직,사계절,2024,,Book,"MK, DN",
490,물속의 입 : 김인숙 미스터리·호러 단편선,김인숙,문학동네,2024,,Book,"MK, DN",
491,물속의 입 : 김인숙 미스터리·호러 단편선,김인숙,문학동네,2024,,Book,"MK, MN",
492,미러하우스 : 이성민 미스터리 스릴러,이성민,아프로스미디어,2024,,Book,"MK, DN, MN",동일
493,미친 X들,"서미애,송시우,정해연,홍선주,이은영,한새마",안전가옥,2024,,Anthology,"MK, DN",
494,민들레꽃,토란,부크크,2024,,Book,"MK, DN",
495,뱀파이어 탐정단,김재희,북오션,2024,,Book,"MK, DN",
496,부산 느와르 미스터리,박대겸,오러,2024,,Book,"MK, MN",
497,불의 고리 : 우리는 모두 불의 고리로 연결되어 있다 : 장편 추리 소설,박윤,부크크,2024,,Book,"MK, DN",
498,비앙또 단편선 : 박세정 장편추리소설,박세정,문학과평론사,2024,,Book,"MK, DN",
499,선희 : 황민구·이도연 장편소설,"황민구,이도연",부크럼,2024,,Book,"MK, DN",
500,십자가의 괴이,"조영주,박상민,전건우,주원규,김세화,차무진",비채,2024,,Anthology,"MK, MN",
501,"엄마, 시체를 부탁해",한새마,바른북스,2024,,Book,"MK, DN",
502,"연세중학교 소년 탐정단 : 청소년 성장소설 십대들의 힐링캠프, 논리",김미선,행복한나무,2024,,Book,"MK, DN",
503,영원의 1초는 얼마인가,김기석,부크크,2024,,Book,"MK, DN",
504,옐로우 레이디 : 이아람 장편소설,이아람,안전가옥,2024,,Book,"MK, DN",
505,완벽한 시간,권중영,행복에너지,2024,,Book,"MK, DN",
506,용서하지 않을 권리,김기석,부크크,2024,,Book,"MK, DN",
507,유미의 공부 : 사주四柱 추리소설,제임스 엄,창조와 지식,2024,,Book,"MK, DN",
508,이상한 나라의 정육점 : 스카이마린 장편소설,스카이마린,파란문어,2024,,Book,"MK, DN, MN",동일
509,이성과 본능 : 김기홍 장편소설,김기홍,북랩,2024,,Book,"MK, DN",
510,족쇄 : 두 남매 이야기 : 전혜진 장편소설,전혜진,고즈넉이엔티,2024,,Book,"MK, DN",
511,철과 흙 : 예옥 제7소설,이지명,예옥,2024,,Book,"MK, DN",
512,초소년 : 홍정기 소설,홍정기,빚은책들,2024,,Book,"MK, DN",
513,초원의 송골매 : 고을주 장편소설,고을주,북랩,2024,,Book,"MK, DN",
514,초자연현상처리반,창궁,부크크,2024,,Book,"MK, DN",
515,추리 첨가 미니 버거 : 추리가 첨가된 6가지 이야기! 숨겨진 추리의 맛은 과연? : 하모 소설집,하모,도서출판이곳,2024,,Book,"MK, DN",
516,침묵의 시간,권중영,행복에너지,2024,,Book,"MK, DN",
517,카스트라토 : 거세당한 자 : 표창원 장편소설,표창원,&(앤드),2024,,Book,"MK, DN",
518,타오 : 김세화 장편소설,김세화,나비클럽,2024,,Book,"MK, DN",
519,타인의 시간,권중영,행복에너지,2024,,Book,"MK, DN",
520,하이드의 귀환 : 지킬 박사와 하이드 영감을 얻다,조설은,부크크,2024,,Book,"MK, DN",
521,해피 벌쓰데이 : 양수련 장편소설,양수련,책과나무,2024,,Book,"MK, DN",
522,헤이그의 비밀 : 이준 열사 사망 미스터리,김철,열세번째방,2024,,Book,"MK, MN",
523,"형사刑事 이야기, 윤계식 : 장성우(살생금지) 장편 서스펜스 소설",장성우,부크크,2024,,Book,"MK, DN",
524,호랑이 : 백두대간의 울음 : 봉운 추리소설,봉운,바른북스,2024,,Book,"MK, DN",
525,화원 : 밀사화의 비밀 : 금사율 장편소설,금사율,좋은땅,2024,,Book,"MK, DN",
526,휴브리스 : 나를 찾아 주세요 : 미스테리 소설,박성용,좋은땅,2024,,Book,"MK, DN",
527,휴양림 49일 : 조정희 장편소설,조정희,BG북갤러리,2024,,Book,"MK, DN",
528,Milky way in the sky,Xhill,부크크,2024,,Book,"MK, MN",
529,Reaching for riches,왕재현,부크크,2024,,Book,"MK, DN",
530,(한국추리문학상) 황금펜상 수상작품집 : 2024·제18회 : 큰글자책,"무경,홍선주,장우석,박건우,정해연,김범석",나비클럽,2025,,Anthology,"MK, DN",
531,76층 탐정 : 정명섭 장편소설,정명섭,팩토리나인,2025,,Book,"MK, DN",
532,7인의 세계,이지민,자근,2025,,Book,"MK, DN",
533,거의 황홀한 순간 : 강지영 장편소설,강지영,나무옆의자,2025,,Book,"MK, DN",
534,고요한 물속 사라진 목소리,이보석,부크크,2025,,Book,"MK, DN",
535,곤지왕 : 고대사 최대의 미스터리,진현석,좋은땅,2025,,Book,"MK, MN",
536,기묘한 J : 정종균 미스터리 소설집,정종균,바른북스,2025,,Book,"MK, MN",
537,난기류 : 여실지 장편소설,여실지,텍스티,2025,,Book,"MK, DN",
538,닫히지 않는 문 : 엄성용 장편소설,엄성용,네오픽션,2025,,Book,"MK, DN",
539,달 없는 밤 : 미스터리 추리 장편소설,서예량,부크크,2025,,Book,"MK, DN, MN",동일
540,"두 개의 목, 샴 : 김경희 장편소설",김경희,파란문어,2025,,Book,"MK, DN, MN",동일
541,딥스테이트 : 트릴로지,최영환,부크크,2025,,Book,"MK, DN",
542,라스베이거스 살인사건,이장우,바른북스,2025,,Book,"MK, DN",
543,마티스 × 스릴러 : 앙리 마티스의 그림에서 발견한 가장 어둡고 강렬한 이야기,"박산호,박상민,정명섭,정해연,조영주",마티스블루,2025,,Anthology,"MK, DN",
544,"말레이 추적기 : 죄수였던 고발자, 법과 자본의 카르텔을 무너뜨리다. 1부",이오하,하움출판사,2025,,Book,"MK, DN",
545,매듭의 끝 : 정해연 장편소설,정해연,현대문학,2025,,Book,"MK, DN",
546,몬스터 킬러 : 윤자영 장편소설,윤자영,네오픽션,2025,,Book,"MK, DN",
547,무녀촌,고태라,책과나무,2025,,Book,"MK, DN",
548,미스터리 브이로그 : 이요마 장편소설,이요마,우리학교,2025,,Book,"MK, MN",
549,밸런스 게임 지옥 : 김종일 장편소설,김종일,황금가지,2025,,Book,"MK, DN",
550,법의 체면 : 도진기 단편소설집,도진기,황금가지,2025,,Book,"MK, DN",
551,복수는 이렇게 하는 거라고,박희종,메이드인,2025,,Book,"MK, DN",
552,복수는 이렇게 하는 거라고 : 큰글자책,박희종,메이드인,2025,,Book,"MK, DN",
553,비공개 송환,장우성,고즈넉이엔티,2025,,Book,"MK, DN",
554,살인 오마카세 : 무송빌딩을 둘러싼 갈등과 연쇄살인 : 황정은 장편추리소설,황정은,책과나무,2025,,Book,"MK, DN",
555,"설자은, 불꽃을 쫓다 : 정세랑 장편소설",정세랑,문학동네,2025,,Book,"MK, DN",
556,수상탑의 살인 : 김영민 장편소설,김영민,아프로스미디어,2025,,Book,"MK, DN",
557,순결한 탐정 김재건과 초능력자의 섬 : 박하루 탐정소설,박하루,엘릭시르,2025,,Book,"MK, DN",
558,실험체 8374,@렌,부크크,2025,,Book,"MK, DN",
559,아이돌 살인 : 이소민 장편소설,이소민,문학동네,2025,,Book,"MK, DN",
560,"어제에서 온 남자 : 스릴러 장인, 전건우의 본격 타임슬립 미스터리 소설",전건우,북오션,2025,,Book,"MK, MN",
561,"의궤, 붉은 비단 위의 그림자",서한기,부크크,2025,,Book,"MK, DN",
562,잿빛 커튼,서한기,부크크,2025,,Book,"MK, DN",
563,전 세계 사이코패스 살인마 : 친밀하고 친숙한 사이코패스 살인마,박성종,북오션,2025,,Book,"MK, DN",
564,조선 궁궐 일본 요괴 : 조영주 소설,조영주,KONG,2025,,Book,"MK, DN",
565,타오 : 큰글자책 : 김세화 장편소설,김세화,나비클럽,2025,,Book,"MK, DN",
566,템즈 강의 안개와 새벽,서한기,부크크,2025,,Book,"MK, DN",
567,투명 인간 살인 사건,노원,포문 출판,2025,,Book,"MK, DN",
568,튜링 디텍티브,페어웰,부크크,2025,,Book,"MK, DN",
569,하품은 맛있다 : 강지영 장편소설,강지영,네오픽션,2025,,Book,"MK, DN",
570,화성의 폐허 : SF 미스터리 엔솔로지,"정명섭,설재인,장아미,김이환",서랍의 날씨,2025,,Anthology,"MK, MN",