No.,Author,Title,Publication,Start_Year,End_Year,Publication_Type,Source,비고
1,N/A,신단공안,황성신문,1906.05.19,1906.12.31,Article,T,
2,이해조,쌍옥적,제국신문,1908.12.04,1909.02.12,Article,T,
3,이해조,구의산,매일신보,1911.06.22,1911.09.28,Article,T,
4,N/A,지환당,동양서원,1912,,Book,T,
5,김교제,비행선,동양서원,1912,,Book,T,
6,김교제,지장보살,동양서원,1912,,Book,T,
7,박영운,금지환,동양서원,1912,,Book,T,
8,이해조,누구의 죄,보급서관,1913,,Book,T,
9,N/A,홍보석,보급서관,1913,,Book,T,
10,N/A,도리원 (상),박문서관,1913,,Book,T,
11,김교제,일만 구천 방,동양서원,1913,,Book,T,
12,N/A,소년의 탐험,왕래서시,1913,,Book,T,
13,N/A,파도상선,회동서관,1913,,Book,T,
14,이상춘,서해풍파,유일서관,1914,,Book,T,
15,조중환,비봉담,매일신보,1914.07.21,1914.10.28,Article,T,
16,이상협,정부원,매일신보,1914.10.29,1915.05.19,Article,T,
17,이상협,해왕성,매일신보,1916.02.10,1917.03.31,Article,T,
18,장두철,충복,태서문예신보,1918.10.19,1918.11.16,Article,T,
19,복면귀,의문의 사,녹성,1919.11,,Article,T,
20,윤병조,명금,신명서림,1920,,Book,T,
21,호관,혈가사,취산보림,1920.07,1920.9,Article,T,
22,고문룡,검은그림자,학생계,1920.07,,Article,T,
23,N/A,박쥐우산,조선일보,1920.7.14,미상,Article,T,
24,송완식,명금,영창서관,1921,,Book,T,
25,꿈길,전율탑,학생계,1921.02,,Article,T,
26,최상희,813,조선일보,1921.09.16,미상,Article,T,
27,김동성,일레인의 공,동아일보,1921.02.21,1921.07.02,Article,T,
28,SI생,여야차,계명,1921.5,,Article,T,
29,김동성,붉은 실,동아일보,1921.07.04,1921.10.10,Article,T,
30,민태원,무쇠탈,동아일보,1922.01.01.,1922.06.20,Article,T,
31,유광렬,여장부,동아일보,1922.06.21,1922.10.22,Article,T,
32,피피생,금고의 비밀,청년,1922.07,,Article,T,
33,큰샘,청 고대 금화,청년,1922.1,,Article,T,
34,N/A,KKK,학생계,1922.1,1922.11,Article,T,
35,김명순,상봉,개벽,1922.11,,Article,T,
36,김일선,백만 불의 비밀,신명서림,1923,,Book,T,
37,N/A,금강석,회동서관,1923,,Book,T,
38,정순규,농중미인,박문서관,1923,,Book,T,
39,박준표,비행의 미인,영창서관,1923,,Book,T,
40,김동성,괴물,동아일보,1923.03.25,1923.05.15,Article,T,
41,포영,뱀 같은 계집,동명,1923.04.08,,Article,T,
42,포영,새빨간 봉랍,동명,1923.04.15,,Article,T,
43,N/A,살아 온 사체,동명,1923.04.22,,Article,T,
44,N/A,실패,동명,1923.04.29.,,Article,T,
45,연성흠,암암 중의 살인,청년,1923.04,1923.06,Article,T,
46,N/A,강도,동명,1923.05.06,1923.05.13,Article,T,
47,연성흠,B 적당,청년,1923.1,1924.05,Article,T,
48,염상섭,남방의 처녀,평문관,1924,,Book,T,
49,송완식,의문의 시체,영창서관,1924,,Book,T,
50,양건식,협웅록,시대일보,1924.03.31,1924.09.09,Article,T,
51,이상수,귀신탑,매일신보,1924.06.03,1925.01.07,Article,T,
52,염상섭,쾌한 지 도령,매일신보,1924.08.12,1925.01.03,Article,T,
53,유광렬,미인의 한,동아일보,1924.08.28,1924.11.08,Article,T,
54,윤백남,흑묘 이변,월간 야담,1924.12,,Article,T,
55,방정환,동생을 찾으러,어린이,1925.01,1925.10.,Article,T,
56,봄바람,낙화,조선일보,1924.03.02,1926.02.26,Article,T,
57,성주,바다의 처녀,매일신보,1925.05.09.,1926.02.26.,Article,T,
58,구라모치 다카오,의문의 죽음,조선공론,1925.09.,1925.12.,Article,T,
59,이찬희,무서운 코,신여성,1925.10.,,Article,T,
60,N/A,흑묘 물어,시대일보,1925.11.26.,1925.11.31.,Article,T,
61,박철혼,비행의 미인,영창서관,1926,,Book,T,
62,호관,혈가사,울산인쇄소,1926,,Book,T,
63,홍수동인,산타클로스,청년,1926.03.,,Article,T,
64,홍수동인,야도의 누,청년,1926.04,,Article,T,
65,방정환,칠칠단의 비밀,어린이,1926.04,1927.12,Article,T,
66,김광배,기인 기연,박문서관,1926,,Book,T,
67,근춘,야광주,청년,1926.05,1926.06,Article,T,
68,근춘,무중안,청년,1926.07.,,Article,T,
69,근춘,삼선 우표,청년,1926.10.,,Article,T,
70,근춘,열정의 범죄,청년,1926.11,1926.12,Article,T,
71,방정환,누구의 죄,별건곤,1926.12.,,Article,T,
72,연성흠,괴상한 미인,"창신서관, 백합사",1927,,Book,T,
73,연성흠,괴적단,"신명서림, 회동서관, 경성서관",1927,,Book,T,
74,정인섭,적사의 가면,해외문학,1927.01.,,Article,T,
75,최광륜,독살 사건의 진범인,새벗,1927.01.,,Article,T,
76,양주동,813,신민,1927.01.,1927.04.,Article,T,
77,김단정,괴적단,중외일보,1927.03.,1927.06,Article,T,
78,최독견,조그만 심판,동광,1927.04.,,Article,T,
79,N/A,피 칠한 세균,청년,1927.04.,,Article,T,
80,주요한,소복의 비밀,동아일보,1927.05.05,1927.08.14.,Article,T,
81,방정환,괴남녀 이인조,별건곤,1927.08.,,Article,T,
82,권천생,은 갈퀴,학창,1927.1,미상,Article,T,
83,N/A,적막강산,대성서림,1928,,Book,T,
84,"김광배, 단정",최후의 승리,중외일보,1928.01.30.,1928.05.15.,Article,T,
85,최서해,사랑의 원수,중외일보,1928.05.16.,1928.08.03.,Article,T,
86,강영한,검둥 고양이,원고시대,1928.08.,,Article,T,
87,백악,흑운을 뚫고서,새벗,1928.11,미상,Article,T,
88,이원규,탐정세계,박문서관,1929,,Book,T,
89,방정환,소년 삼태성,어린이,1929.01.,,Article,T,
90,N/A,매니큐어 걸,별건곤,1929.09.,,Article,T,
91,방정환,소년 사천왕,어린이,1929.09.,1930.12.,Article,T,
92,단정학,곁쇠,신민,1929.11.,1932.01.,Article,T,
93,김삼규,말뚝에 선 메스,조선지방행정,1929.11.,1930.01.,Article,T,
94,방정환,신사 도적,신소설,1929.12.,,Article,T,
95,주요한,사막의 꽃,동아일보,1929.12.03.,1930.04.12.,Article,T,
96,건덕방인,귀여운 복수,동아일보,1930.01.01.,1930.01.03.,Article,T,
97,최병화,혈염봉,학생계,1930.05.,1930.06.,Article,T,
98,신경순,식인 사건의 심판,별건곤,1930.06,,Article,T,
99,권이운,의문의 살인귀,신취미,1930.07,,Article,T,
100,최학송,6.37,여성시대,1930.08.,,Article,T,
101,최영주,지하실의 비밀,학생계,1930.08.,,Article,T,
102,원동인,범의 어금니,조선일보,1930.08.05.,1931.05.15,Article,T,
103,최영주,석중선,학생계,1930.09.,,Article,T,
104,최유범,인육 속에 묻힌 야광주,별건곤,1930.09,,Article,T,
105,최영주,괴 살인 사건,학생,1930.10.,,Article,T,
106,N/A,"권총 오만 정을 삼킨 여자, 여자 스파이의 활약기",별건곤,1930.10.,,Article,T,
107,허문일,천공의 용소년,어린이,1930.10.,,Article,T,
108,N/A,흉가의 비밀,별건곤,1930.10.,1931.02.,Article,T,
109,경성탐정취미회,여자 스파이의 죽음,조선공론,1931.01.,1931.05.,Article,T,
110,최독견,사형수,신민,1931.01.,1931.06.,Article,T,
111,N/A,"인간적 잔인성의 극치, 여자 사십팔 인 학살 사건, 근대 범죄사상 경이!!",별건곤,1934.04.,,Article,T,
112,이하윤,황금충,조선일보,1931.06.17.,1931.07.17.,Article,T,
113,이하윤,결혼반지,조선일보,1931.07.30.,1931.08.14.,Article,T,
114,연성흠,용길의 기공,어린이,1931.09.,,Article,T,
115,소천호,가방 속의 사미인,별건곤,1931.10.,,Article,T,
116,방인근,괴청년,동아일보,1931.10.08.,1931.10.28.,Article,T,
117,N/A,"스파이 비화, 독일 황제 카이저를 속여 넘긴 여밀정",별건곤,1931.11.,,Article,T,
118,유영,대도 뤼팽,영화시대,1932.01.,미상,Article,T,
119,붉은빛,색마와의 격전,신동아,1932.05.,1932.06.,Article,T,
120,유방,연애와 복수,별건곤,1932.06.,,Article,T,
121,유방,기차에서 만난 사람,별건곤,1932.07.,,Article,T,
122,붉은빛,미인의 비밀,신동아,1932.07.,1932.08.,Article,T,
123,연성흠,기는 놈에 나는 놈,신여성,1932.08.,,Article,T,
124,남우훈,경희,제일선,1932.09.,,Article,T,
125,유방,공중을 나는 유령선,별건곤,1932.09.,,Article,T,
126,최병화,미모와 날조,별건곤,1932.09.,,Article,T,
127,붉은빛,흡혈귀,신동아,1932.09.,1932.10.,Article,T,
128,최병화,심리 고백,여인,1932.10.,,Article,T,
129,유방,무죄한 사형수,별건곤,1932.10.,,Article,T,
130,붉은빛,셜론 홈스는 누구인가?,신동아,1932.11.,,Article,T,
131,김광섭,수인,신동아,1933.01.,,Article,T,
132,변상권,독약 박사,별나라,1933.02.,,Article,T,
133,붉은빛,싯누런 얼굴,신동아,1933.02.,,Article,T,
134,방인근,마도의 향불,동아일보,1932.11.05.,1933.06.12.,Article,T,
135,최유범,순아 참살 사건,별건곤,1933.02.,,Article,T,
136,최유범,질투하는 악마,별건곤,1933.03.,,Article,T,
137,N/A,신문에도 발표 안 된 현대의 뤼팽 여괴도,별건곤,1933.03.,,Article,T,
138,신경순,피 묻은 수첩,별건곤,1933.03.,1933.05.,Article,T,
139,최유범,K 박사의 명안,별건곤,1933.04.,,Article,T,
140,최유범,이상한 걸인,별건곤,1933.05.,,Article,T,
141,윤성학,호저의 비밀,별건곤,1933.05.,1933.07.,Article,T,
142,최병화,늙은 살인마,별건곤,1933.06.,,Article,T,
143,최유범,못생긴 악한,별건곤,1933.06.,,Article,T,
144,최병화,늙은 살인마,별건곤,1933.06.,,Article,T,142와 동일한 자료로 보이나 목록에 있으므로 동일하게 기입
145,최유범,아연 중독자,별건곤,1933.07.,,Article,T,
146,박우석,이십삼 호실의 살인,별건곤,1933.09.,,Article,T,
147,박상엽,마작 살인,별건곤,1933.09.,1933.11.,Article,T,
148,박우석,붉은 집'의 살인 사건,별건곤,1933.11.,,Article,T,
149,김운정,괴인,중앙,1933.11.,1935.02.,Article,T,
150,최유범,흑묘좌 기담,별건곤,1933.12.,,Article,T,
151,방인근,소영웅,아이생활,1933.12.,1933.12.,Article,T,
152,N/A,명금,태화서관,1934,,Book,T,
153,N/A,암야의 총소리,대성서림,1934,,Book,T,
154,최유범,약혼녀의 악마성,별건곤,1934.01.,1934.05.,Article,T,
155,경성탐정취미회,세 구슬의 비밀,조선공론,1934.02.,1934.04.,Article,T,
156,박상엽,백사장 위의 비극,별건곤,1934.03.,,Article,T,
157,박상엽,구라파 궁정의 보석 도난 사건,별건곤,1934.04.,,Article,T,
158,신경순,가승 기담,별건곤,1934.04.,,Article,T,
159,최유범,누가 죽였느냐!!,별건곤,1934.04.,,Article,T,
160,양유신,뱀 먹는 살인범,월간 매신,1934.04.,,Article,T,
161,김용석,심야의 괴녀,월간 매신,1934.05.,,Article,T,
162,채만식,염마,조선일보,1934.05.16.,1934.11.05.,Article,T,
163,N/A,질투녀의 희생물,별건곤,1934.06.,,Article,T,
164,양유신,우물 밑 방송실,월간 매신,1934.06.,,Article,T,
165,정인택,범죄 실화담,월간 매신,1934.06.,,Article,T,
166,김동인,수평선을 넘어서,매일신보,1934.07.10.,1934.12.19.,Article,T,
167,건덕방인,사랑은 무섭다,별건곤,1934.08.,,Article,T,
168,이희철,산송장,월간 매신,1934.08.,,Article,T,
169,양유신,도적은 꿈속에,월간 매신,1934.08.,,Article,T,
170,윤일민,처녀의 혼,월간 매신,1934.08.,,Article,T,
171,이근,장님과 요괴,월간 매신,1934.08.,,Article,T,
172,양유신,찬비의 가방,월간 매신,1934.10.,,Article,T,
173,신경순,암굴의 혈투,개벽,1934.11.,,Article,T,
174,N/A,흑의도,삼문사서점,1935,,Book,T,
175,N/A,혈루의 미인,세창서관,1935,,Book,T,
176,신경순,미카도의 지하실,개벽,1935.01.,,Article,T,
177,양순백,망령,월간 매신,1935.01.,,Article,T,
178,최영주,마야의 황금성,중앙,1935.01.,1936.06.,Article,T,
179,박태원,특진생,소년중앙,1935.02.,1935.06.,Article,T,
180,김내성,타원형의 거울,프로필,1935.03.,,Article,T,
181,주요섭,낙랑 고분의 비밀,조광,1935.02.,,Article,T,
182,MGN,벽해장 사건,사해공론,1935.07.,,Article,T,
183,한인택,악희,신동아,1935.08.,,Article,T,
184,박태원,폴가의 소년단,신아동,1935.09.,,Article,T,
185,MGM,제퍼슨가의 살인 사건,사해공론,1935.09.,,Article,T,
186,이철,보스콤 곡의 비극,사해공론,1935.10.,1935.12.,Article,T,
187,N/A,삼대 관(官)의 괴사 사건,과학조선,1935.11.,,Article,T,
188,신경순,제이의 밀실,조광,1935.11.,1936.01.,Article,T,
189,김내성,탐정소설가의 살인,프로필,1935.12.,,Article,T,
190,이무영,똘똘이,동아이로,1936.02.09.,1936.05.20.,Article,T,
191,이철,두견장,사해공론,1936.01.,1936.03.,Article,T,
192,김광섭,도난된 편지,조광,1936.04.,,Article,T,
193,이헌구,제삼자,조광,1936.04.,,Article,T,
194,하인리,구라파의 고아,조광,1936.04.,,Article,T,
195,김환태,복면의 하숙인,조광,1936.04.,,Article,T,
196,이헌구,명모유죄,조광,1936.05.,1936.08.,Article,T,
197,김내성,가상범인,조선일보,1937.02.13.,1937.03.21.,Article,T,
198,백소민,기괴한 유언장,신동아,1936.08.,,Article,T,
199,김환태,의문의 독사 사건,조광,1936.09.,1937.03.,Article,T,
200,이성락,귀신을 잡은 소년,동화,1937.04.,,Article,T,
201,백양아,베르사유 살인 사건,조광,1937.05.,,Article,T,
202,남경전,백앵무의 사,호남평론,1937.05.,1937.07.,Article,T,
203,김유정,잃어진 보석,조광,1937.06.,1937.11.,Article,T,
204,김내성,백가면,소년중앙,1937.06.,1937.11.,Article,T,
205,박태원,최후의 억만장자,조선일보,1937.06.25.,1937.07.01.,Article,T,
206,N/A,광상시인,조광,1937.09.,,Article,T,
207,김내성,황금굴,동아일보,1937.11.01.,1937.12.31.,Article,T,
208,김내성,살인예술가,조광,1938.03.,1938.05.,Article,T,
209,김은성,봉투 한 장,매일신보,1938.04.17.,,Article,T,
210,이서구,염서사건,삼천리,1938.05.,,Article,T,
211,박태원,소년 탐정단,소년중앙,1938.06.,1938.11.,Article,T,
212,한인택,괴도의 연기,동아일보,1938.07.19.,1938.08.12.,Article,T,
213,박노갑,미인도,농업조선,1938.08.,1938.09.,Article,T,
214,김내성,백과 홍,사해공론,1938.09.,,Article,T,
215,김내성,연문기담,조광,1938.12.,,Article,T,
216,최병화,소년 금강가,아이생활,1939.01.,미상,Article,T,
217,김내성,마인,조선일보,1939.02.14.,1939.10.11.,Article,T,
218,김내성,심야의 공포,조광,1939.03.,,Article,T,
219,김내성,이단자의 사랑,농업조선,1939.03.,,Article,T,
220,김내성,무마,신세기,1939.03.,,Article,T,
221,이남종,몽중살인,신세기,1939.06.,,Article,T,
222,김내성,시유리,문장,1939.07.,,Article,T,
223,김내성,백사도,농업조선,1939.08.,1939.09.,Article,T,
224,유령기자,장미 수차 살인 사건,만선일보,1939.12.01.,1940.01.22..,Article,T,
225,김내성,복수귀,농업조선,1940.01.,,Article,T,
226,최승화,삼색화,아이생활,1940.01.,미상,Article,T,
227,박경호,의문의 말라리아 균,조광,1940.03.,,Article,T,
228,김내성,제일 석간,농업조선,1940.05.,,Article,T,
229,최유범,마경천리,아이생활,1940.10.,,Article,T,
230,김내성,괴도 그림자 후일담,농업조선,1940.12.,,Article,T,
231,김내성,홍두 레드메인즈 일가,조광사,1940,,Book,T,
232,이석훈,베스커빌의 괴견,조광사,1941,,Book,T,
233,김내성,괴암성,조광,1941.01.,1941.09.,Article,T,
234,방인근,813의 비밀,조광사,1941,,Book,T,
235,노자영,이억만 원의 사랑,성문당서점,1941,,Book,T,
236,이소,"연애보-무정한 아내, 백만 불의 비밀, 편수(片手)의 미인",영창서관,1942,,Book,T,
237,N/A,마굴,영창서관,1942,,Book,T,
238,김내성,태풍,매일신보,1942.11.21.,1943.05.02.,Article,T,
239,김내성,매국노,신시대,1943.07.,1944.04.,Article,T,
240,노양근,칠면두,아이생활,1943.09.(예고),,Article,T,
241,최승화,꿈에 본 얼굴,아이생활,"1943.09.(예고, 일본어)",,Article,T,
242,김내성,어떤 여간첩,과학조선,1943.10.,,Article,T,
243,N/A,방송소설명작선,조선출판사,1943,,Book,T,
244,문세영,사선을 넘어서,남창서관,1944,,Book,T,
245,N/A,스파이의 수첩,삼문사서점,1944,,Book,T,
246,주요섭,?,아이생활,미상,,Article,T,
247,현대탐정실화집,괴안 기영,조선일보,미상,,Article,T,
248,유두응,천고의 비밀,삼우출판사(동화당서점),1945,,Book,T,
249,이우영,국제 살인 사건,우신상사출판부,1946,,Book,T,
250,김내성,똘똘이의 모험-박쥐편,영문사,1946,,Book,T,
251,이석훈,똘똘이의 모험-남양편,금룡도서주식회사,1946,,Book,T,
252,김내성,똘똘이의 모험-난쟁이 나라 구경편,문구당서점,1947,,Book,T,
253,김내성,진주탑,백조사,1947,,Book,T,
254,김내성,심야의 공포,여명각,1947,,Book,T,
255,김내성,광상시인,동망문화사,1947,,Book,T,
256,노자영,이억만 원의 사랑,문언사,1948,,Book,T,
257,김내성,마심불심,청운사,1948,,Book,T,
258,김내성,보굴왕,여명각,1948,,Book,T,
259,방인근,복수귀,문운당,1948,,Book,T,
260,이석훈,배스커빌의 괴견,야사연구회,1948,,Book,T,
261,이석훈,심야의 음모,세계서림,1948,,Book,T,
262,박도일,흡혈귀,상호출판사,1948,,Book,T,
263,김해랑,사인도(死人島)의 비밀,경향출판사,1948,,Book,T,
264,김내성,혈장미,문예,1948.05.,,Article,"T, M",동일
265,방인근,813의 비밀,문운당,1949,,Book,T,
266,방인근,악마,문운당,1949,,Book,T,
267,김내성,비밀의 문,해왕사,1949,,Book,"T, M",동일
268,박철민,비밀의 비밀,청춘사,1949,,Book,"T, M",동일
269,방인근,방화 살인 사건,호남문화사,1949,,Book,T,
270,방인근,악마,문운당,1949,,Book,T,266과 동일한 책으로 보이지만 원자료에 기입되어 있으므로 동일하게 처리
271,N/A,편수의 미인,광문서림,1949,,Book,T,
272,송규정,사 거두의 비밀,정음사,1949,,Book,T,
273,김내성,비밀의 가면,청운사,1949,,Book,T,
274,김내성,벌처기,신원,1949.04.,,Article,T,
275,고남도,묘아댁의 참사,야담과 실화,1957.07.,,Article,M,
276,고남도,처녀백정의 소굴,야담과 실화,1957.08.,,Article,M,
277,권만수,수정각의 비밀,실화,1957.04.,,Article,M,
278,김광조,보석의 전설,화제,1958.07.,,Article,M,
279,김내성,사상의 장미,신시대,1953.05.,1953.07.,Article,M,
280,김내성,사상 장미,신태양,1954.08.,1956.09.,Article,M,
281,김내성,황금박쥐,학원,1955.04.,1956.05.,Article,M,
282,김내성,마인,실화,1955.09.,1957.12.,Article,M,
283,김내성,무마,아리랑,1955.증간호,,Article,M,
284,김내성,도깨비 감투,학원,1956.07.,1957.04.,Article,M,
285,김내성,이단자의 사랑,삼천리,1956.09.,,Article,M,
286,김내성,악마파,삼천리,1956.10.,,Article,M,
287,김내성,창공의 곡예사,아리랑,1956.05.,,Article,M,
288,김내성,저금통장,아리랑,1957.07.,,Article,M,
289,김내성,일석이조,아리랑,1957.08.,1957.09.,Article,M,
290,김내성,태풍,화제,1957.10.,,Article,M,
291,김동훈,암흑의 무도회,화제,1957.11.,,Article,M,
292,김동훈,그 여자는 비밀을 알고 있다,화제,1959.증간호,,Article,M,
293,김동훈,그 방의 여자,아리랑,1959.10.,,Article,M,
294,김봉현,식탁 앞에 앉은 시체,명랑,1956.08.,,Article,M,
295,김석민,그림자 없는 범인,소설계,1959.11.,,Article,M,
296,김약이,복하시,명랑,1957.03.,,Article,M,
297,김약이,수첩 속의 비밀,이야기,1958.01.,1958.02.,Article,M,
298,김약이,폭행강도의 말로,이야기,1958.06.,,Article,M,
299,김약이,난자시,이야기,1958.10.,,Article,M,
300,김약이,피묻은 지문,실화,1958.07.,,Article,M,
301,김용환,흑궤,야담,1956.10.,,Article,M,
302,김용환,잔당,야담,1956.12.,,Article,M,
303,김용환,적량리 사건,야담,1958.01.,,Article,M,
304,김용환,생목리 사건,야담,1958.11.,,Article,M,
305,김용환,트릭의 복수,이야기,1957.12.,,Article,M,
306,김원기,못이 달린 끄나풀,실화,1958.12.,,Article,M,
307,김윤성,질투는 끝나다,실화,1957.10.,,Article,M,
308,김윤성,공포의 15분간,이야기,1957.12.,,Article,M,
309,김은모,안개의 유령,아리랑,1957.11.,,Article,M,
310,김을규,감쪽같은 범죄,아리랑,1956.08.,,Article,M,
311,김이석,장 교수 딸의 실종사건,이야기,1958.02.,,Article,M,
312,김재호,이십분,아리랑,1956.04.,,Article,M,
313,김정하,악마의 묘혈,이야기,1958.06.,,Article,M,
314,김중희,기수일의 복수,아리랑,1957.01.,,Article,M,
315,김중희,기이한 만년필,실화,1957.02.,,Article,M,
316,김중희,어서 각골의 비밀,아리랑,1957.03.,,Article,M,
317,김중희,소년탐정 - 가면의 통곡,학원,1957.09.,,Article,M,
318,김지민,홍콩에서 온 사나이,화제,1957.12.,,Article,M,
319,김철,팔 없는 미녀,아리랑,1959.06.,,Article,M,
320,김춘수,자살실 915호의 비밀,실화,1957.06.,,Article,M,
321,김학송,지하실의 미녀,흥미,1958.01.,,Article,M,
322,김호,그 여자를 쫓아라,아리랑,1959.07.,,Article,M,
323,남궁선,사랑과 살인,아리랑,1957.02.,,Article,M,
324,남궁선,그 여자를 참살한 범인은?,아리랑,1957.11.,,Article,M,
325,남궁선,진범은 누군가?,아리랑,1958.08.,,Article,M,
326,남궁선,범인은 잡았으나,아리랑,1958.12.,,Article,M,
327,남궁선,심판,아리랑,1959.02.,,Article,M,
328,남궁선,요부와 아내,아리랑,1959.04.,,Article,M,
329,도일,귀수불심,야담,1957.08.,1957.07.,Article,M,
330,도일,사진탐정:아홉시의 사건,학원,1957.10.,1957.11.,Article,M,
331,도일,그림자,희망,1957.06.,,Article,M,
332,문용수,여자의 권총,아리랑,1959.05.,,Article,M,
333,박경목,여류화가의 변사소동,실화,1953.12.,,Article,M,
334,박구봉,소매에 묻은 피,야담과 실화,1957.06.,,Article,M,
335,박문욱,투시력과 살인범,실화,1956.05.,,Article,M,
336,박문욱,현란한 살인,명랑,1956.08.,,Article,M,
337,박승훈,화물열차,학원,1957.05.,,Article,M,
338,박승훈,거미줄 스파이,학원,1957.09.,,Article,M,
339,박중수,여화가와 남자 모델,화제,1959.02.,,Article,M,
340,박현석,별장의 살인사건,명랑,1956.05.,,Article,M,
341,방인근,위기일발,아리랑,1955.08.,,Article,M,
342,방인근,그 여자의 죽엄,명랑,1956.03.,1956.04.,Article,M,
343,방인근,오형제의 언덕,야담,1956.04.,,Article,M,
344,방인근,보랑과 청호,야담,1956.05.,,Article,M,
345,방인근,요귀,야담,1956.10.,,Article,M,
346,방인근,마음의 감옥,희망,1957.05.,,Article,M,
347,방인근,처녀는 사라지다,아리랑,1957.08.,,Article,M,
348,방인근,살의의 그림자,아리랑,1958.04.,,Article,M,
349,방인근,도적의 행운,실화,1958.10.,,Article,M,
350,방인기,유쾌한 유령,명랑,1956.08.,,Article,M,
351,변종호,신춘특종제일호,실화,1956.02.,,Article,M,
352,서용운,탐정부인,명랑,1958.12.,,Article,M,
353,서용운,미녀실종,아리랑,1959.09.,,Article,M,
354,서호,공범자,희망,1956.08.,,Article,M,
355,서호,태풍일과,희망,1956.09.,1956.10.,Article,M,
356,서호,납을 먹는 갑충,희망,1956.11.,,Article,M,
357,서호,붉은 명주 손수건,희망,1956.12.,,Article,M,
358,천세욱,장미와 악마,명랑,1957.01.,,Article,M,
359,천세욱,육호실의 비밀,비밀,1956.07.,,Article,M,
360,천세욱,백골단,아리랑,1956.08.,,Article,M,
361,천세욱,푸른 색마의 최후,아리랑,1956.09.,,Article,M,
362,천세욱,한강뚝의 의혹,아리랑,1956.10.,,Article,M,
363,천세욱,공포의 향연,아리랑,1956.11.,,Article,M,
364,천세욱,배반자,아리랑,1956.12.,,Article,M,
365,천세욱,밀실의 귀부인,아리랑,1957.01.,,Article,M,
366,천세욱,미모의 적,아리랑,1957.02.,,Article,M,
367,천세욱,만우절 살인사건,아리랑,1957.04.,,Article,M,
368,천세욱,폭력의 훈장,아리랑,1957.06.,,Article,M,
369,천세욱,애원의 색마,야담과 실화,1957.07.,,Article,M,
370,천세욱,그림자 없는 고백,아리랑,1957.08.,1959.09.,Article,M,
371,천세욱,무너진 부재증명,화제,1957.11.,,Article,M,
372,천세욱,괴도와 임호,아리랑,1958.03.,,Article,M,
373,천세욱,너도 지옥으로,혜성,1958.04.,,Article,M,
374,천세욱,봄 밤의 엽기,아리랑,1958.05.,,Article,M,
375,천세욱,해변의 욕정,이야기,1958.10.,,Article,M,
376,천세욱,제3의 제비,이야기,1957.11.,,Article,M,
377,천세욱,여인애가,야담과 실화,1958.12.,,Article,M,
378,천세욱,나는 안 속으련다,소설계,1959.01.,,Article,M,
379,손일성,유령생포담,실화,1956.01.,,Article,M,
380,신광식,가면을 벗은 미녀,화제,1959.01.,,Article,M,
381,신정언,괴이한 실종,화제,1958.01.,,Article,M,
382,안동민,지옥에의 계단,실화,1955.12.,,Article,M,
383,안응표,소사체의 비밀,아리랑,1957.09.,,Article,M,
384,안응표,괴이한 전화,아리랑,1957.10.,,Article,M,
385,엄소정,여성에의 복수에 미친 사나이,이야기,1958.06.,,Article,M,
386,오동하,단서는 침대에 있었다,화제,1959.01.,,Article,M,
387,왕소인,기묘한 사진,실화,1956.01.,,Article,M,
388,왕소인,망령 나타나다,실화,1956.03.,,Article,M,
389,원방각,어떤 곡선미,아리랑,1959.11.,,Article,M,
390,유신,운명의 맹인 살인사건,아리랑,1956.08.,,Article,M,
391,유신,마약가의 살인,아리랑,1957.07.,,Article,M,
392,유장호,벌거벗은 미인유령,화제,1958.09.,,Article,M,
393,유장호,보석부인의 정체,화제,1959.01.,,Article,M,
394,이가백,정만수의 살인극,야담과 실화,1957.09.,,Article,M,
395,이규류,그림자의 예고,명랑,1956.08.,,Article,M,
396,이녕원,애욕쌍곡선,명랑,1956.08.,,Article,M,
397,이병칠,녹색의 구두,희망,1956.08.,,Article,M,
398,이사하,흑장유령,야담,1956.09.,,Article,M,
399,이연석,삽,희망,1956.07.,,Article,M,
400,이인창,환상의 여인,화제,1958.02.,,Article,M,
401,이진규,테레비 탑의 살인,화제,1957.11.,,Article,M,
402,이한파,새벽의 변시,소설계,1959.11.,,Article,M,
403,이흥우,도직전업,화제,1957.10.,,Article,M,
404,임거문,흑의의 괴미인,실화,1954.03.,1955.06.,Article,M,
405,임거문,탈옥한 사형수,아리랑,1956.02.,,Article,M,
406,임거문,관속에 살아있는 살인자,아리랑,1956.04.,,Article,M,
407,임거문,미인의 변사,아리랑,1956.05.,,Article,M,
408,임거문,기밀의 필름,실화,1956.05.,,Article,M,
409,임거문,공범자의 사랑,아리랑,1956.09.,,Article,M,
410,임거문,범죄와 사랑과 죽음,아리랑,1956.10.,,Article,M,
411,임거문,조각이 된 여인,실화,1956.10.,,Article,M,
412,임거문,악에의 복수,아리랑,1956.11.,,Article,M,
413,임거문,서울지폐위조단,아리랑,1956.12.,,Article,M,
414,임거문,백양 호텔 사건,아리랑,1957.01.,,Article,M,
415,임거문,은행강도,실화,1957.03.,,Article,M,
416,임거문,그 사나이의 정체,아리랑,1957.05.,,Article,M,
417,임거문,탈출하던 순간,아리랑,1957.07.,,Article,M,
418,임거문,미행하는 여인,아리랑,1957.08.,,Article,M,
419,임거문,마굴의 이주간,실화,1957.09.,,Article,M,
420,임거문,인체조각상,아리랑,1957.12.,,Article,M,
421,임거문,유혹뒤에 오는 것,화제,1957.12.,,Article,M,
422,임인수,시체에 찍힌 붉은 반점,아리랑,1958.01.,,Article,M,
423,임청풍,유령이 타는 가야금,소설계,1959.11.,,Article,M,
424,정사석,신출귀몰 김강석 탐정의 비밀,화제,1959.01.,,Article,M,
425,정황운,심야의 수수께끼,아리랑,1959.05.,,Article,M,
426,정황운,두 번 잡은 범인,아리랑,1959.08.,,Article,M,
427,정황운,마굴의 미녀,아리랑,1959.09.,,Article,M,
428,정황운,혼야의 살인,아리랑,1959.10.,,Article,M,
429,정황운,피묻은 손수건,아리랑,1959.11.,,Article,M,
430,정황운,사랑과 권총,아리랑,1959.12.,,Article,M,
431,조능식,호색백작 살인사건,아리랑,1956.05.,,Article,M,
432,조능식,맹인의 육감,아리랑,1956.07.,,Article,M,
433,조능식,KK단의 색마왕,아리랑,1956.08.,,Article,M,
434,조능식,그림자없는 간부,아리랑,1956.10.,,Article,M,
435,조능식,의자 속의 사나이,아리랑,1956.12.,,Article,M,
436,조능식,냉혈여사장,명랑,1956.05.,,Article,M,
437,조능식,고성의 흡혈귀,명랑,1956.08.,,Article,M,
438,조능식,일거양득,실화,1956.12.,,Article,M,
439,조능식,돌아오지 않는 형사,아리랑,1957.04.,,Article,M,
440,조능식,백일몽,야담과 실화,1957.08.,,Article,M,
441,조능식,방송국의 참변,야담과 실화,1957.09.,,Article,M,
442,조능식,선악의 밤,아리랑,1957.10.,,Article,M,
443,조능식,혈육,화제,1957.11.,,Article,M,
444,조능식,희생자,이야기,1957.12.,,Article,M,
445,조능식,크리스마스 이브,야담과 실화,1957.12.,,Article,M,
446,조능식,육욕의 대필,명랑,1958.01.,,Article,M,
447,조능식,안락사,아리랑,1958.01.,,Article,M,
448,조능식,공범자,야담과 실화,1958.01.,,Article,M,
449,조능식,월요사건,이야기,1958.01.,,Article,M,
450,조능식,십오야의 비밀,실화,1958.02.,,Article,M,
451,조능식,향수병,실화,1958.03.,,Article,M,
452,조능식,사랑은 하나만은 아니다,이야기,1958.03.,,Article,M,
453,조능식,비단살결,아리랑,1958.04.,,Article,M,
454,조능식,그 여자는 비밀을 안다,이야기,1958.04.,,Article,M,
455,조능식,태아,실화,1958.05.,,Article,M,
456,조능식,원귀의 집,야담과 실화,1958.05.,,Article,M,
457,조능식,적신호,아리랑,1958.06.,,Article,M,
458,조능식,샹하이 리루,아리랑,1958.07.,,Article,M,
459,조능식,미행,아리랑,1958.08.,,Article,M,
460,조능식,금연여죄,실화,1958.09.,,Article,M,
461,조능식,요기담,화제,1958.09.,,Article,M,
462,조능식,김 부인의 공포,명랑,1958.11.,,Article,M,
463,조능식,위험은 도처에 있다,실화,1958.11.,,Article,M,
464,조능식,맹인의 추리,이야기,1958.11.,,Article,M,
465,조능식,영원한 흉몽,실화,1958.12.,,Article,M,
466,조능식,탐정과 청춘미망인,화제,1958.12.,,Article,M,
467,조능식,여 아나운서의 실종,아리랑,1959.06.,,Article,M,
468,조능식,그림자 없는 여인,명랑,1959.08.,,Article,M,
469,조능식,불안한 얼굴들,실화,1959.11.,,Article,M,
470,조능식,엄만 범인 아냐,명랑,1959.12.,,Article,M,
471,조풍연,전율의 48시간,명랑,1959.03.,1959.05.,Article,M,
472,조풍연,불개미의 눈,명랑,1959.07.,1959.08.,Article,M,
473,조풍연,심연의 안테나,여원,1959.01.,1959.09.,Article,M,
474,조향초,지점장의 범죄,명랑,1956.08.,,Article,M,
475,조흔파,처녀납치사건,야담,1957.02.,,Article,M,
476,조흔파,구원의 보복,야담,1957.03.,,Article,M,
477,조흔파,십오야의 참사,야담,1957.04.,,Article,M,
478,조흔파,봄 저녁의 변시체,야담,1957.05.,,Article,M,
479,조흔파,드러난 사인,야담,1957.06.,,Article,M,
480,조흔파,미녀의 비밀,야담,1957.07.,1957.08.,Article,M,
481,조흔파,괴담의 주인공,야담,1957.09.,,Article,M,
482,조흔파,부적의 동티,야담,1957.10.,,Article,M,
483,조흔파,월하의 활극,야담,1957.11.,,Article,M,
484,천세욱,악에의 도전,아리랑,1955.10.,,Article,M,
485,천세욱,욕탕의 미녀,실화,1956.05.,1956.05.,Article,M,
486,천세욱,또호탐정,학원,1957.08.,,Article,M,
487,천세욱,목숨을 걸고(또호 탐정),학원,1957.10.,,Article,M,
488,천세욱,악마의 날,화제,1957.10.,,Article,M,
489,천세욱,육욕의 문,실화,1957.11.,,Article,M,
490,천세욱,마흔아홉의 곰보,학원,1957.12.,,Article,M,
491,천세욱,나는 너를 쏠테다,이야기,1957.12.,1958.01.,Article,M,
492,천세욱,애련의 여상,아리랑,1958.02.,,Article,M,
493,천세욱,나는야 특종기자,화제,1958.12.,,Article,M,
494,천세욱,하늘을 지켜라,학원,1959.04.,,Article,M,
495,천세욱,척척박사의 추리,학원,1959.05.,,Article,M,
496,천세욱,그대는 알겠는가?,학원,1959.06.,,Article,M,
497,천세욱,살인자(임호 탐정),소설계,1959.신년호,,Article,M,
498,천세욱,검은 작업복,실화,1959.06.,,Article,M,
499,천세욱,탐정을 찾아내라,아리랑,1959.10.,1960.09.,Article,M,
500,천세욱,마약왕의 정부,화제,1959.10.,,Article,M,
501,천세욱,공중의 나체극장,화제,1959.11.,,Article,M,
502,최운권,복수는 끝나지 않았다,삼천리,1957.11.,,Article,M,
503,최운권,원한이대,야담,1958.02.,,Article,M,
504,최인욱,환상의 여인,실화,1953.11.,,Article,M,
505,최종준,첫날밤의 괴변,실화,1957.06.,,Article,M,
506,최종준,아내는 무죄했다,실화,1957.09.,,Article,M,
507,추명호,황혼에 나타난 사나이의 정체,화제,1958.11.,,Article,M,
508,추명호,다섯번째의 사나이,화제,1959.02.,,Article,M,
509,추식,시계강도,소설계,1959.11.,,Article,M,
510,한기철,여덟번째의 남자,명랑,1956.08.,,Article,M,
511,허문녕,결혼저주마,희망,1956.06.,,Article,M,
512,허문녕,붉은 술잔,희망,1956.10.,,Article,M,
513,허문녕,백설령,야담,1957.04.,1958.03.,Article,M,
514,허문녕,응접실의 살인,아리랑,1958.02.,,Article,M,
515,허문녕,촬영기사의 살인,야담과 실화,1958.03.,,Article,M,
516,허문녕,그것이 증거다,아리랑,1958.04.,,Article,M,
517,허문녕,붉은 거미,아리랑,1958.05.,,Article,M,
518,허문녕,명 박사 살해사건,혜성,1958.05.,,Article,M,
519,허문녕,지옥에서 온 망령,아리랑,1958.06.,,Article,M,
520,허문녕,공포의 응접실,아리랑,1958.08.,,Article,M,
521,허문녕,유령장,야담과 실화,1958.09.,,Article,M,
522,허문녕,오인의 목격자,이야기,1958.09.,,Article,M,
523,허문녕,죽엄의 녹색 타이트 스카-트,화제,1958.10.,,Article,M,
524,허문녕,역시 범인은 그다,이야기,1958.11.,,Article,M,
525,허문녕,바보 삐뻐는 안다,학원,1958.11.,,Article,M,
526,허문녕,난의 묵화,야담,1958.12.,1959.02.,Article,M,
527,허문녕,주홍까운의 여귀,명랑,1959.01.,,Article,M,
528,허문녕,흑취,소설계,1959.증간호,,Article,M,
529,허문녕,범인은 바로 너다!,아리랑,1959.02.,,Article,M,
530,허문녕,천벌,소설계,1959.03.,,Article,M,
531,허문녕,숲속의 미모부인,화제,1959.03.,,Article,M,
532,허문녕,나는 살인자다,소설계,1959.05.,,Article,M,
533,허문녕,기이한 자살,소설계,1959.05.,,Article,M,
534,허문녕,비밀을 쥔 강아지,화제,1959.05.,,Article,M,
535,허문녕,나체화의 비밀,소설계,1959.06.,,Article,M,
536,허문녕,기괴한 둔갑사건,소설계,1959.10.,,Article,M,
537,허문녕,기적을 뿌리는 사나이,소설계,1959.11.,,Article,M,
538,허문녕,멸라성 고략,소설계,1959.12.,,Article,M,
539,허문녕,탈옥수를 잡아라,실화,1959.12.,,Article,M,
540,현상걸,아름다운 야수,화제,1958.10.,,Article,M,
541,현상걸,미지의 수레바퀴,실화,1959.01.,,Article,M,
542,현시관,청부살인,화제,1957.10.,,Article,M,
543,현시관,심야의 사미인,화제,1957.12.,,Article,M,
544,현시관,영시정각의 예고살인,화제,1958.01.,,Article,M,
545,현시관,의혹,화제,1958.03.,,Article,M,
546,현치수,피묻은 애욕,아리랑,1956.12.,,Article,M,
547,현치수,재판 이후,아리랑,1957.04.,,Article,M,
548,현치수,지문,아리랑,1957.06.,,Article,M,
549,현치수,애욕의 종말,화제,1958.02.,,Article,M,
550,현치수,천왕성의 비밀,아리랑,1959.09.,,Article,M,
551,현치수,뒤따르는 미녀,아리랑,1959.05.,,Article,M,
552,현치수,미인도이문,야담,1956.11.,,Article,M,
553,현치수,광교의 살인사건,야담,1956.12.,,Article,M,
554,현치수,건봉사의 종,야담,1957.01.,,Article,M,
555,현치수,양선상의 비밀,야담,1957.03.,,Article,M,
556,현치수,불의의 함정,야담,1957.05.,,Article,M,
557,현치수,무예장의 살인사건,야담,1958.03.,,Article,M,
558,현치수,주살,야담,1958.04.,,Article,M,
559,현치수,사심불심,야담,1958.05.,,Article,M,
560,현치수,특종밀매업자,아리랑,1958.07.,,Article,M,
561,현치수,묘지의 참변,아리랑,1958.09.,,Article,M,
562,현치수,유도 초단 처녀의 가을밤,화제,1958.09.,,Article,M,
563,현치수,분실한 군자금,야담,1958.10.,,Article,M,
564,현치수,죽음의 예언,소설계,1958.12.,,Article,M,
565,현치수,대화의 끝,소설계,1959.07.,,Article,M,
566,현치수,효성의 칼,야담,1959.07.,,Article,M,
567,현치수,안경 노이로제,소설계,1959.09.,,Article,M,
568,현치수,혼선,소설계,1959.11.,,Article,M,
569,김기진,최후의 심판,세창서관,1953,,Book,M,
570,김내성,마인,해왕사,1948,,Book,M,
571,김내성,마인,청운사,1953,,Book,M,
572,김내성,비밀의 문,청운사,1953,,Book,M,
573,김내성,비밀의 문,문성당,1958,,Book,M,
574,김내성,백가면,평범사,1953,,Book,M,
575,김내성,괴기의 화첩,청운사,1953,,Book,M,
576,김내성,괴기의 화접,육영사,1954,,Book,M,
577,김내성,사상의 장미,신태양사,1955,,Book,M,
578,김내성,황금박쥐,학원사,1957,,Book,M,
579,나만식,복면의 가인,백조사,1952,,Book,M,
580,박현철,다섯손가락,청춘사,1949,,Book,M,
581,방인근,괴시체,영인서관,1946,,Book,M,
582,방인근,괴시체,중앙출판사,1950,,Book,M,
583,방인근,괴시체,대지사,1954,,Book,M,
584,방인근,국보와 괴적,문운당,1948,,Book,M,
585,방인근,국보와 괴적,평범사,1952,,Book,M,
586,방인근,복수,문운당,1948,,Book,M,
587,방인근,복수,영륜사,1957,,Book,M,
588,방인근,악마,문성당,1949,,Book,M,출판사 '문운당'의 오기?
589,방인근,악마,범조사,1957,,Book,M,
590,방인근,원한의 복수,문연사,1949,,Book,M,
591,방인근,대도와 보물,대지사,1951,,Book,M,
592,방인근,대도와 보물,대문사,1958,,Book,M,
593,방인근,범죄왕,범조사,1951,,Book,M,
594,방인근,범죄왕,문성당,1954,,Book,M,
595,방인근,국제살인마,창문사,1954,,Book,M,
596,방인근,국제살인마,계문,1957,,Book,M,
597,방인근,국제살인마,진문출판사,1962,,Book,M,
598,방인근,미인 스파이,대문사,1954,,Book,M,
599,방인근,미인 스파이,대지사,1956,,Book,M,
600,방인근,장미부인의 정체,대중문화사,1954,,Book,M,
601,방인근,그 여자의 정체,기문사,1955,,Book,M,
602,석해조,고도의 여왕,삼성사,1954,,Book,M,
603,석해조,고도의 여왕,중앙출판사,1957,,Book,M,
604,유동렬,쌍둥이의 복수,녹양사,1957,,Book,M,
605,이몽석,성당의 비화,동아문화사,1952,,Book,M,
606,이몽석,삼마선,동아문화사,1956,,Book,M,
607,이몽석,제2의 운명,청록문화사,1959,,Book,M,
608,이몽석,지옥의 문,청록문화사,1959,,Book,M,
609,이몽석,악마의 발자국,청록문화사,1959,,Book,M,
610,이봉권,방전탑의 비밀,대지사,1954,,Book,M,
611,임거문,괴도의 비밀,삼지사,1953,,Book,M,